침착맨 (zilioner)	영화평론가 이동진 님 초대석 (구독후원음성X)	시청자 2.1만명	Just Chatting	2022-09-27 17:28:39.841537
우왁굳 (woowakgood)	축구왕 왁돌이	시청자 1만명	FIFA 23	2022-09-27 17:28:39.841537
비챤_ (viichan6)	6시) VRC 풀트뱅 ~!	시청자 7,868명	Just Chatting	2022-09-27 17:28:39.841537
랄로 (aba4647)	와끼얏호우	시청자 6,242명	World of Warcraft	2022-09-27 17:28:39.841537
러너교 (runner0608)	안녕하세요	시청자 4,397명	Just Chatting	2022-09-27 17:28:39.841537
서새봄냥 (saddummy)	서새봄] 로크홀라섭) 리치왕의 분노 클래식 OPEN 같이 달려요~	시청자 4,021명	World of Warcraft	2022-09-27 17:28:39.841537
김도 (kimdoe)	서브노티카 빌로우제로	시청자 3,970명	Subnautica: Below Zero	2022-09-27 17:28:39.841537
홍방장 (game2eye)	홍 전파사 시청자 그래픽카드 보수작업 해주기	시청자 3,082명	Just Chatting	2022-09-27 17:28:39.841537
앰비션_ (lol_ambition)	24연승시 점수복구	시청자 2,940명	League of Legends	2022-09-27 17:28:39.841537
피닉스박1 (xkwhd)	발악귀	시청자 2,325명	VALORANT	2022-09-27 17:28:39.841537
소풍왔니 (yumyumyu77)	리치왕의 재붕노 첫 시작! 방가방가소붕	시청자 1,843명	World of Warcraft	2022-09-27 17:28:39.841537
중력 (jungryeok)	중력팀 비방연습후 깨달음..	시청자 1,452명	Just Chatting	2022-09-27 17:28:39.841537
김뿡_ (bbonge_)	뿡) 탑 호디르	시청자 1,430명	League of Legends	2022-09-27 17:28:39.841537
이초홍 (h920103)	@_@	시청자 1,389명	Just Chatting	2022-09-27 17:28:39.841537
두니주니 (dunizuni)	ㅎㅇ	시청자 1,188명	Teamfight Tactics	2022-09-27 17:28:39.841537
히렌히 (hyren7)	리치킹	시청자 1,136명	World of Warcraft	2022-09-27 17:28:39.841537
스틸로 (steelohs)	파파존스 피자 먹방	시청자 1,095명	Just Chatting	2022-09-27 17:28:39.841537
Rb0f	DRX Rb / 휴가	시청자 1,042명	VALORANT	2022-09-27 17:28:39.841537
포셔 (portialyn)	-로- 조금 하다가 끔	시청자 1,030명	Lost Ark	2022-09-27 17:28:39.841537
박삐삐__ (smpk9604)	삐하~	시청자 978명	Just Chatting	2022-09-27 17:28:39.841537
21번째에서 오류				 2022-09-27 17:28:39.841537
22번째에서 오류				 2022-09-27 17:28:39.841537
찬우정 (jcw970)	(진심)챌린저 달리기 2일차	시청자 786명	League of Legends	2022-09-27 17:28:39.841537
헤징 (hejin0_0)	롤체륑	시청자 762명	Teamfight Tactics	2022-09-27 17:28:39.841537
설백_ (snow_hite)	[설백] 오른쪽 아래 !편집자	시청자 720명	Just Chatting	2022-09-27 17:28:39.841537
캡틴잭 (hwkang2)	오르골 8개 모아서 스탯 50 받는 극한의 수직충	시청자 689명	Lost Ark	2022-09-27 17:28:39.841537
배돈 (baedony)	리치왕의분노 태어나서 처음 합니다	시청자 638명	World of Warcraft	2022-09-27 17:28:39.841537
액시스마이콜 (sn400ja)	노합류론	시청자 619명	League of Legends	2022-09-27 17:28:39.841537
아리스마나 (alicemana_v)	하이루	시청자 609명	Just Chatting	2022-09-27 17:28:39.841537
김하선 (kimhasun)	어서와 낮방은 처음이지?	시청자 562명	Just Chatting	2022-09-27 17:28:39.841537
칸데르니아 (jmjdoc)	발키리 엘리시움	시청자 556명	Valkyrie Elysium	2022-09-27 17:28:39.841537
인섹_ (insec13)	대기열180만갓겜	시청자 540명	League of Legends	2022-09-27 17:28:39.841537
33번째에서 오류				 2022-09-27 17:28:39.841537
설소영 (mobeom17)	다크악셀 없이 살기 4일차 (살만함)	시청자 487명	Lost Ark	2022-09-27 17:28:39.841537
크라니쉬 (kranichhs)	젠지 하스스톤 프로그램 !부트캠프 / 내일 나스리아 미니팩 출시	시청자 487명	Hearthstone	2022-09-27 17:28:39.841537
36번째에서 오류				 2022-09-27 17:28:39.841537
철면수심 (109ace)	허준이 되어 사람 살리기	시청자 486명	Bio Inc. Redemption	2022-09-27 17:28:39.841537
진격캐넌 (xorhkd321)	이세계 택티컬대비 신궁 200만들기	시청자 470명	MapleStory	2022-09-27 17:28:39.841537
세아스토리 (sea_vtuber)	방제 정하기 모듈이 작동하지 않습니다.	시청자 466명	Just Chatting	2022-09-27 17:28:39.841537
던 (dawnhs)	ㅡㅅㅡ;;	시청자 448명	League of Legends	2022-09-27 17:28:39.841537
41번째에서 오류				 2022-09-27 17:28:39.841537
42번째에서 오류				 2022-09-27 17:28:39.841537
나기상 (mingnagi)	와 엉덩겜 (테크니컬 테스트 당첨됨)	시청자 432명	Nikke: The Goddess of Victory	2022-09-27 17:28:39.841537
청묘 (i_am_bloooo)	유니온 하고싶어요	시청자 424명	MapleStory	2022-09-27 17:28:39.841537
우사기인뎅 (ny991017)	study with me / 15:00- 19:00	시청자 419명	Just Chatting	2022-09-27 17:28:39.841537
ato1004fd	D	시청자 409명	아트	2022-09-27 17:28:39.841537
빅헤드 (bighead033)	대규모 노동 드가자	시청자 407명	Minecraft	2022-09-27 17:28:39.841537
김달걀 (itsmejanna)	로라뀌 접근금지 (w 도라찌)	시청자 399명	League of Legends	2022-09-27 17:28:39.841537
49번째에서 오류				 2022-09-27 17:28:39.841537
천양 (chunyangkr)	[V] 한국 최초 음바페 뽑은 사람	시청자 373명	FIFA 23	2022-09-27 17:28:39.841537
침착맨 (zilioner)	영화평론가 이동진 님 초대석 (구독후원음성X)	시청자 2.1만명	Just Chatting	2022-09-27 17:30:05.523184
우왁굳 (woowakgood)	축구왕 왁돌이	시청자 1만명	FIFA 23	2022-09-27 17:30:05.523184
비챤_ (viichan6)	6시) VRC 풀트뱅 ~!	시청자 7,868명	Just Chatting	2022-09-27 17:30:05.523184
랄로 (aba4647)	와끼얏호우	시청자 6,242명	World of Warcraft	2022-09-27 17:30:05.523184
러너교 (runner0608)	안녕하세요	시청자 4,397명	Just Chatting	2022-09-27 17:30:05.523184
서새봄냥 (saddummy)	서새봄] 로크홀라섭) 리치왕의 분노 클래식 OPEN 같이 달려요~	시청자 4,021명	World of Warcraft	2022-09-27 17:30:05.523184
김도 (kimdoe)	서브노티카 빌로우제로	시청자 3,970명	Subnautica: Below Zero	2022-09-27 17:30:05.523184
홍방장 (game2eye)	홍 전파사 시청자 그래픽카드 보수작업 해주기	시청자 3,374명	Just Chatting	2022-09-27 17:30:05.523184
앰비션_ (lol_ambition)	24연승시 점수복구	시청자 2,940명	League of Legends	2022-09-27 17:30:05.523184
피닉스박1 (xkwhd)	발악귀	시청자 2,456명	VALORANT	2022-09-27 17:30:05.523184
소풍왔니 (yumyumyu77)	리치왕의 재붕노 첫 시작! 방가방가소붕	시청자 1,798명	World of Warcraft	2022-09-27 17:30:05.523184
중력 (jungryeok)	중력팀 비방연습후 깨달음..	시청자 1,607명	Just Chatting	2022-09-27 17:30:05.523184
김뿡_ (bbonge_)	뿡) 탑 호디르	시청자 1,457명	League of Legends	2022-09-27 17:30:05.523184
이초홍 (h920103)	@_@	시청자 1,389명	Just Chatting	2022-09-27 17:30:05.523184
두니주니 (dunizuni)	ㅎㅇ	시청자 1,215명	Teamfight Tactics	2022-09-27 17:30:05.523184
히렌히 (hyren7)	리치킹	시청자 1,136명	World of Warcraft	2022-09-27 17:30:05.523184
스틸로 (steelohs)	파파존스 피자 먹방	시청자 1,083명	Just Chatting	2022-09-27 17:30:05.523184
Rb0f	DRX Rb / 휴가	시청자 1,042명	VALORANT	2022-09-27 17:30:05.523184
포셔 (portialyn)	-로- 조금 하다가 끔	시청자 1,030명	Lost Ark	2022-09-27 17:30:05.523184
박삐삐__ (smpk9604)	삐하~	시청자 978명	Just Chatting	2022-09-27 17:30:05.523184
21번째에서 오류				 2022-09-27 17:30:05.523184
22번째에서 오류				 2022-09-27 17:30:05.523184
헤징 (hejin0_0)	롤체륑	시청자 762명	Teamfight Tactics	2022-09-27 17:30:05.523184
설백_ (snow_hite)	[설백] 오른쪽 아래 !편집자	시청자 720명	Just Chatting	2022-09-27 17:30:05.523184
찬우정 (jcw970)	(진심)챌린저 달리기 2일차	시청자 716명	League of Legends	2022-09-27 17:30:05.523184
캡틴잭 (hwkang2)	오르골 8개 모아서 스탯 50 받는 극한의 수직충	시청자 689명	Lost Ark	2022-09-27 17:30:05.523184
배돈 (baedony)	리치왕의분노 태어나서 처음 합니다	시청자 621명	World of Warcraft	2022-09-27 17:30:05.523184
액시스마이콜 (sn400ja)	노합류론	시청자 619명	League of Legends	2022-09-27 17:30:05.523184
아리스마나 (alicemana_v)	하이루	시청자 609명	Just Chatting	2022-09-27 17:30:05.523184
크라니쉬 (kranichhs)	젠지 하스스톤 프로그램 !부트캠프 / 내일 나스리아 미니팩 출시	시청자 564명	Hearthstone	2022-09-27 17:30:05.523184
칸데르니아 (jmjdoc)	발키리 엘리시움	시청자 544명	Valkyrie Elysium	2022-09-27 17:30:05.523184
인섹_ (insec13)	대기열180만갓겜	시청자 540명	League of Legends	2022-09-27 17:30:05.523184
김하선 (kimhasun)	어서와 낮방은 처음이지?	시청자 511명	Just Chatting	2022-09-27 17:30:05.523184
설소영 (mobeom17)	다크악셀 없이 살기 4일차 (살만함)	시청자 510명	Lost Ark	2022-09-27 17:30:05.523184
35번째에서 오류				 2022-09-27 17:30:05.523184
36번째에서 오류				 2022-09-27 17:30:05.523184
철면수심 (109ace)	허준이 되어 사람 살리기	시청자 486명	Bio Inc. Redemption	2022-09-27 17:30:05.523184
세아스토리 (sea_vtuber)	방제 정하기 모듈이 작동하지 않습니다.	시청자 485명	Just Chatting	2022-09-27 17:30:05.523184
진격캐넌 (xorhkd321)	이세계 택티컬대비 신궁 200만들기	시청자 470명	MapleStory	2022-09-27 17:30:05.523184
40번째에서 오류				 2022-09-27 17:30:05.523184
41번째에서 오류				 2022-09-27 17:30:05.523184
빅헤드 (bighead033)	대규모 노동 드가자	시청자 435명	Minecraft	2022-09-27 17:30:05.523184
청묘 (i_am_bloooo)	유니온 하고싶어요	시청자 424명	MapleStory	2022-09-27 17:30:05.523184
ato1004fd	D	시청자 419명	아트	2022-09-27 17:30:05.523184
우사기인뎅 (ny991017)	study with me / 15:00- 19:00	시청자 414명	Just Chatting	2022-09-27 17:30:05.523184
던 (dawnhs)	ㅡㅅㅡ;;	시청자 411명	League of Legends	2022-09-27 17:30:05.523184
나기상 (mingnagi)	와 엉덩겜 (테크니컬 테스트 당첨됨)	시청자 409명	Nikke: The Goddess of Victory	2022-09-27 17:30:05.523184
김달걀 (itsmejanna)	로라뀌 접근금지 (w 도라찌)	시청자 399명	League of Legends	2022-09-27 17:30:05.523184
49번째에서 오류				 2022-09-27 17:30:05.523184
천양 (chunyangkr)	[V] 한국 최초 음바페 뽑은 사람	시청자 373명	FIFA 23	2022-09-27 17:30:05.523184
침착맨 (zilioner)	영화평론가 이동진 님 초대석 (구독후원음성X)	시청자 2만명	Just Chatting	2022-09-27 17:34:10.051387
우왁굳 (woowakgood)	축구왕 왁돌이	시청자 9,947명	FIFA 23	2022-09-27 17:34:10.051387
비챤_ (viichan6)	6시) VRC 풀트뱅 ~!	시청자 7,989명	Just Chatting	2022-09-27 17:34:10.051387
랄로 (aba4647)	와끼얏호우	시청자 6,321명	World of Warcraft	2022-09-27 17:34:10.051387
러너교 (runner0608)	안녕하세요	시청자 4,906명	Just Chatting	2022-09-27 17:34:10.051387
김도 (kimdoe)	서브노티카 빌로우제로	시청자 4,028명	Subnautica: Below Zero	2022-09-27 17:34:10.051387
서새봄냥 (saddummy)	서새봄] 로크홀라섭) 리치왕의 분노 클래식 OPEN 같이 달려요~	시청자 3,868명	World of Warcraft	2022-09-27 17:34:10.051387
홍방장 (game2eye)	홍 전파사 시청자 그래픽카드 보수작업 해주기	시청자 3,374명	Just Chatting	2022-09-27 17:34:10.051387
앰비션_ (lol_ambition)	24연승시 점수복구	시청자 2,610명	League of Legends	2022-09-27 17:34:10.051387
피닉스박1 (xkwhd)	발악귀	시청자 2,252명	VALORANT	2022-09-27 17:34:10.051387
소풍왔니 (yumyumyu77)	리치왕의 재붕노 첫 시작! 방가방가소붕	시청자 1,744명	World of Warcraft	2022-09-27 17:34:10.051387
중력 (jungryeok)	중력팀 비방연습후 깨달음..	시청자 1,626명	Just Chatting	2022-09-27 17:34:10.051387
김뿡_ (bbonge_)	뿡) 탑 호디르	시청자 1,457명	League of Legends	2022-09-27 17:34:10.051387
이초홍 (h920103)	@_@	시청자 1,355명	Just Chatting	2022-09-27 17:34:10.051387
두니주니 (dunizuni)	ㅎㅇ	시청자 1,248명	Teamfight Tactics	2022-09-27 17:34:10.051387
히렌히 (hyren7)	리치킹	시청자 1,222명	World of Warcraft	2022-09-27 17:34:10.051387
스틸로 (steelohs)	파파존스 피자 먹방	시청자 1,124명	Just Chatting	2022-09-27 17:34:10.051387
Rb0f	DRX Rb / 휴가	시청자 1,060명	VALORANT	2022-09-27 17:34:10.051387
박삐삐__ (smpk9604)	삐하~	시청자 1,023명	Just Chatting	2022-09-27 17:34:10.051387
포셔 (portialyn)	-로- 조금 하다가 끔	시청자 1,014명	Lost Ark	2022-09-27 17:34:10.051387
21번째에서 오류				 2022-09-27 17:34:10.051387
22번째에서 오류				 2022-09-27 17:34:10.051387
헤징 (hejin0_0)	롤체륑	시청자 829명	Teamfight Tactics	2022-09-27 17:34:10.051387
설백_ (snow_hite)	[설백] 오른쪽 아래 !편집자	시청자 763명	Just Chatting	2022-09-27 17:34:10.051387
푸린_ (rngudwnswkd)	강지팀 VS 너불팀 스크림!	시청자 746명	Just Chatting	2022-09-27 17:34:10.051387
찬우정 (jcw970)	(진심)챌린저 달리기 2일차	시청자 746명	League of Legends	2022-09-27 17:34:10.051387
캡틴잭 (hwkang2)	오르골 8개 모아서 스탯 50 받는 극한의 수직충	시청자 704명	Lost Ark	2022-09-27 17:34:10.051387
인섹_ (insec13)	대기열180만갓겜	시청자 612명	League of Legends	2022-09-27 17:34:10.051387
배돈 (baedony)	리치왕의분노 태어나서 처음 합니다	시청자 606명	World of Warcraft	2022-09-27 17:34:10.051387
아리스마나 (alicemana_v)	하이루	시청자 598명	Just Chatting	2022-09-27 17:34:10.051387
액시스마이콜 (sn400ja)	정글이 합류해야 하는게임은 진게임이다	시청자 574명	League of Legends	2022-09-27 17:34:10.051387
크라니쉬 (kranichhs)	젠지 하스스톤 프로그램 !부트캠프 / 내일 나스리아 미니팩 출시	시청자 564명	Hearthstone	2022-09-27 17:34:10.051387
김하선 (kimhasun)	어서와 낮방은 처음이지?	시청자 541명	Just Chatting	2022-09-27 17:34:10.051387
34번째에서 오류				 2022-09-27 17:34:10.051387
칸데르니아 (jmjdoc)	발키리 엘리시움	시청자 529명	Valkyrie Elysium	2022-09-27 17:34:10.051387
철면수심 (109ace)	허준이 되어 사람 살리기	시청자 520명	Bio Inc. Redemption	2022-09-27 17:34:10.051387
설소영 (mobeom17)	다크악셀 없이 살기 4일차 (살만함)	시청자 510명	Lost Ark	2022-09-27 17:34:10.051387
38번째에서 오류				 2022-09-27 17:34:10.051387
진격캐넌 (xorhkd321)	이세계 택티컬대비 신궁 200만들기	시청자 483명	MapleStory	2022-09-27 17:34:10.051387
빅헤드 (bighead033)	대규모 노동 드가자	시청자 479명	Minecraft	2022-09-27 17:34:10.051387
세아스토리 (sea_vtuber)	방제 정하기 모듈이 작동하지 않습니다.	시청자 473명	Just Chatting	2022-09-27 17:34:10.051387
42번째에서 오류				 2022-09-27 17:34:10.051387
43번째에서 오류				 2022-09-27 17:34:10.051387
청묘 (i_am_bloooo)	유니온 하고싶어요	시청자 419명	MapleStory	2022-09-27 17:34:10.051387
우사기인뎅 (ny991017)	study with me / 15:00- 19:00	시청자 414명	Just Chatting	2022-09-27 17:34:10.051387
ato1004fd	D	시청자 408명	아트	2022-09-27 17:34:10.051387
던 (dawnhs)	ㅡㅅㅡ;;	시청자 403명	League of Legends	2022-09-27 17:34:10.051387
나기상 (mingnagi)	와 엉덩겜 (테크니컬 테스트 당첨됨)	시청자 401명	Nikke: The Goddess of Victory	2022-09-27 17:34:10.051387
김달걀 (itsmejanna)	로라뀌 접근금지 (w 도라찌)	시청자 399명	League of Legends	2022-09-27 17:34:10.051387
50번째에서 오류				 2022-09-27 17:34:10.051387
침착맨 (zilioner)	영화평론가 이동진 님 초대석 (구독후원음성X)	시청자 2만명	Just Chatting	2022-09-27 17:35:04.942547
우왁굳 (woowakgood)	축구왕 왁돌이	시청자 9,947명	FIFA 23	2022-09-27 17:35:04.942547
비챤_ (viichan6)	6시) VRC 풀트뱅 ~!	시청자 7,989명	Just Chatting	2022-09-27 17:35:04.942547
랄로 (aba4647)	와끼얏호우	시청자 6,321명	World of Warcraft	2022-09-27 17:35:04.942547
러너교 (runner0608)	안녕하세요	시청자 4,906명	Just Chatting	2022-09-27 17:35:04.942547
김도 (kimdoe)	서브노티카 빌로우제로	시청자 4,028명	Subnautica: Below Zero	2022-09-27 17:35:04.942547
서새봄냥 (saddummy)	서새봄] 로크홀라섭) 리치왕의 분노 클래식 OPEN 같이 달려요~	시청자 3,868명	World of Warcraft	2022-09-27 17:35:04.942547
홍방장 (game2eye)	홍 전파사 시청자 그래픽카드 보수작업 해주기	시청자 3,427명	Just Chatting	2022-09-27 17:35:04.942547
앰비션_ (lol_ambition)	24연승시 점수복구	시청자 2,610명	League of Legends	2022-09-27 17:35:04.942547
피닉스박1 (xkwhd)	발악귀	시청자 2,252명	VALORANT	2022-09-27 17:35:04.942547
소풍왔니 (yumyumyu77)	리치왕의 재붕노 첫 시작! 방가방가소붕	시청자 1,744명	World of Warcraft	2022-09-27 17:35:04.942547
중력 (jungryeok)	중력팀 비방연습후 깨달음..	시청자 1,626명	Just Chatting	2022-09-27 17:35:04.942547
김뿡_ (bbonge_)	뿡) 탑 호디르	시청자 1,457명	League of Legends	2022-09-27 17:35:04.942547
이초홍 (h920103)	@_@	시청자 1,428명	Just Chatting	2022-09-27 17:35:04.942547
두니주니 (dunizuni)	ㅎㅇ	시청자 1,248명	Teamfight Tactics	2022-09-27 17:35:04.942547
히렌히 (hyren7)	리치킹	시청자 1,176명	World of Warcraft	2022-09-27 17:35:04.942547
스틸로 (steelohs)	파파존스 피자 먹방	시청자 1,124명	Just Chatting	2022-09-27 17:35:04.942547
Rb0f	DRX Rb / 휴가	시청자 1,060명	VALORANT	2022-09-27 17:35:04.942547
박삐삐__ (smpk9604)	삐하~	시청자 1,023명	Just Chatting	2022-09-27 17:35:04.942547
포셔 (portialyn)	-로- 조금 하다가 끔	시청자 1,014명	Lost Ark	2022-09-27 17:35:04.942547
21번째에서 오류				 2022-09-27 17:35:04.942547
22번째에서 오류				 2022-09-27 17:35:04.942547
헤징 (hejin0_0)	롤체륑	시청자 829명	Teamfight Tactics	2022-09-27 17:35:04.942547
찬우정 (jcw970)	(진심)챌린저 달리기 2일차	시청자 746명	League of Legends	2022-09-27 17:35:04.942547
푸린_ (rngudwnswkd)	강지팀 VS 너불팀 스크림!	시청자 746명	Just Chatting	2022-09-27 17:35:04.942547
설백_ (snow_hite)	[설백] 오른쪽 아래 !편집자	시청자 729명	Just Chatting	2022-09-27 17:35:04.942547
캡틴잭 (hwkang2)	오르골 8개 모아서 스탯 50 받는 극한의 수직충	시청자 704명	Lost Ark	2022-09-27 17:35:04.942547
인섹_ (insec13)	대기열180만갓겜	시청자 612명	League of Legends	2022-09-27 17:35:04.942547
배돈 (baedony)	리치왕의분노 태어나서 처음 합니다	시청자 606명	World of Warcraft	2022-09-27 17:35:04.942547
아리스마나 (alicemana_v)	하이루	시청자 598명	Just Chatting	2022-09-27 17:35:04.942547
크라니쉬 (kranichhs)	젠지 하스스톤 프로그램 !부트캠프 / 내일 나스리아 미니팩 출시	시청자 613명	Hearthstone	2022-09-27 17:35:04.942547
액시스마이콜 (sn400ja)	정글이 합류해야 하는게임은 진게임이다	시청자 574명	League of Legends	2022-09-27 17:35:04.942547
김하선 (kimhasun)	어서와 낮방은 처음이지?	시청자 541명	Just Chatting	2022-09-27 17:35:04.942547
34번째에서 오류				 2022-09-27 17:35:04.942547
칸데르니아 (jmjdoc)	발키리 엘리시움	시청자 529명	Valkyrie Elysium	2022-09-27 17:35:04.942547
철면수심 (109ace)	허준이 되어 사람 살리기	시청자 520명	Bio Inc. Redemption	2022-09-27 17:35:04.942547
설소영 (mobeom17)	다크악셀 없이 살기 4일차 (살만함)	시청자 510명	Lost Ark	2022-09-27 17:35:04.942547
38번째에서 오류				 2022-09-27 17:35:04.942547
진격캐넌 (xorhkd321)	이세계 택티컬대비 신궁 200만들기	시청자 483명	MapleStory	2022-09-27 17:35:04.942547
빅헤드 (bighead033)	대규모 노동 드가자	시청자 479명	Minecraft	2022-09-27 17:35:04.942547
세아스토리 (sea_vtuber)	방제 정하기 모듈이 작동하지 않습니다.	시청자 473명	Just Chatting	2022-09-27 17:35:04.942547
우사기인뎅 (ny991017)	study with me / 15:00- 19:00	시청자 450명	Just Chatting	2022-09-27 17:35:04.942547
43번째에서 오류				 2022-09-27 17:35:04.942547
44번째에서 오류				 2022-09-27 17:35:04.942547
청묘 (i_am_bloooo)	유니온 하고싶어요	시청자 419명	MapleStory	2022-09-27 17:35:04.942547
ato1004fd	D	시청자 408명	아트	2022-09-27 17:35:04.942547
던 (dawnhs)	ㅡㅅㅡ;;	시청자 403명	League of Legends	2022-09-27 17:35:04.942547
나기상 (mingnagi)	와 엉덩겜 (테크니컬 테스트 당첨됨)	시청자 401명	Nikke: The Goddess of Victory	2022-09-27 17:35:04.942547
49번째에서 오류				 2022-09-27 17:35:04.942547
천양 (chunyangkr)	[V] 한국 최초 음바페 뽑은 사람	시청자 382명	FIFA 23	2022-09-27 17:35:04.942547
침착맨 (zilioner)	영화평론가 이동진 님 초대석 (구독후원음성X)	시청자 2만명	Just Chatting	2022-09-27 17:40:05.587574
우왁굳 (woowakgood)	축구왕 왁돌이	시청자 9,841명	FIFA 23	2022-09-27 17:40:05.587574
비챤_ (viichan6)	6시) VRC 풀트뱅 ~!	시청자 7,989명	Just Chatting	2022-09-27 17:40:05.587574
랄로 (aba4647)	와끼얏호우	시청자 6,439명	World of Warcraft	2022-09-27 17:40:05.587574
러너교 (runner0608)	안녕하세요	시청자 4,846명	Just Chatting	2022-09-27 17:40:05.587574
서새봄냥 (saddummy)	서새봄] 로크홀라섭) 리치왕의 분노 클래식 OPEN 같이 달려요~	시청자 4,096명	World of Warcraft	2022-09-27 17:40:05.587574
김도 (kimdoe)	서브노티카 빌로우제로	시청자 4,095명	Subnautica: Below Zero	2022-09-27 17:40:05.587574
홍방장 (game2eye)	홍 전파사 시청자 그래픽카드 보수작업 해주기	시청자 3,347명	Just Chatting	2022-09-27 17:40:05.587574
앰비션_ (lol_ambition)	24연승시 점수복구	시청자 2,645명	League of Legends	2022-09-27 17:40:05.587574
소풍왔니 (yumyumyu77)	리치왕의 재붕노 첫 시작! 방가방가소붕	시청자 1,831명	World of Warcraft	2022-09-27 17:40:05.587574
중력 (jungryeok)	중력팀 비방연습후 깨달음..	시청자 1,528명	Just Chatting	2022-09-27 17:40:05.587574
김뿡_ (bbonge_)	뿡) 탑 호디르	시청자 1,476명	League of Legends	2022-09-27 17:40:05.587574
이초홍 (h920103)	@_@	시청자 1,326명	Just Chatting	2022-09-27 17:40:05.587574
두니주니 (dunizuni)	ㅎㅇ	시청자 1,276명	Teamfight Tactics	2022-09-27 17:40:05.587574
스틸로 (steelohs)	파파존스 피자 먹방	시청자 1,154명	Just Chatting	2022-09-27 17:40:05.587574
히렌히 (hyren7)	리치킹	시청자 1,143명	World of Warcraft	2022-09-27 17:40:05.587574
Rb0f	DRX Rb / 휴가	시청자 1,142명	VALORANT	2022-09-27 17:40:05.587574
포셔 (portialyn)	-로- 조금 하다가 끔	시청자 1,073명	Lost Ark	2022-09-27 17:40:05.587574
푸린_ (rngudwnswkd)	저녁6시 강지팀 VS 너불팀 스크림!	시청자 1,067명	Just Chatting	2022-09-27 17:40:05.587574
박삐삐__ (smpk9604)	삐하~	시청자 1,052명	Just Chatting	2022-09-27 17:40:05.587574
21번째에서 오류				 2022-09-27 17:40:05.587574
22번째에서 오류				 2022-09-27 17:40:05.587574
찬우정 (jcw970)	(진심)챌린저 달리기 2일차	시청자 803명	League of Legends	2022-09-27 17:40:05.587574
헤징 (hejin0_0)	롤체륑	시청자 769명	Teamfight Tactics	2022-09-27 17:40:05.587574
설백_ (snow_hite)	[설백] 오른쪽 아래 !편집자	시청자 729명	Just Chatting	2022-09-27 17:40:05.587574
캡틴잭 (hwkang2)	오르골 8개 모아서 스탯 50 받는 극한의 수직충	시청자 705명	Lost Ark	2022-09-27 17:40:05.587574
크라니쉬 (kranichhs)	젠지 하스스톤 프로그램 !부트캠프 / 내일 나스리아 미니팩 출시	시청자 666명	Hearthstone	2022-09-27 17:40:05.587574
인섹_ (insec13)	대기열180만갓겜	시청자 622명	League of Legends	2022-09-27 17:40:05.587574
배돈 (baedony)	리치왕의분노 태어나서 처음 합니다	시청자 614명	World of Warcraft	2022-09-27 17:40:05.587574
액시스마이콜 (sn400ja)	정글이 합류해야 하는게임은 진게임이다	시청자 606명	League of Legends	2022-09-27 17:40:05.587574
31번째에서 오류				 2022-09-27 17:40:05.587574
아리스마나 (alicemana_v)	하이루	시청자 549명	Just Chatting	2022-09-27 17:40:05.587574
칸데르니아 (jmjdoc)	발키리 엘리시움	시청자 537명	Valkyrie Elysium	2022-09-27 17:40:05.587574
철면수심 (109ace)	허준이 되어 사람 살리기	시청자 502명	Bio Inc. Redemption	2022-09-27 17:40:05.587574
35번째에서 오류				 2022-09-27 17:40:05.587574
빅헤드 (bighead033)	대규모 노동 드가자	시청자 487명	Minecraft	2022-09-27 17:40:05.587574
세아스토리 (sea_vtuber)	방제 정하기 모듈이 작동하지 않습니다.	시청자 480명	Just Chatting	2022-09-27 17:40:05.587574
진격캐넌 (xorhkd321)	이세계 택티컬대비 신궁 200만들기	시청자 472명	MapleStory	2022-09-27 17:40:05.587574
설소영 (mobeom17)	다크악셀 없이 살기 4일차 (살만함)	시청자 464명	Lost Ark	2022-09-27 17:40:05.587574
김하선 (kimhasun)	어서와 낮방은 처음이지?	시청자 463명	Just Chatting	2022-09-27 17:40:05.587574
41번째에서 오류				 2022-09-27 17:40:05.587574
우사기인뎅 (ny991017)	study with me / 15:00- 19:00	시청자 456명	Just Chatting	2022-09-27 17:40:05.587574
청묘 (i_am_bloooo)	유니온 하고싶어요	시청자 433명	MapleStory	2022-09-27 17:40:05.587574
44번째에서 오류				 2022-09-27 17:40:05.587574
나기상 (mingnagi)	와 엉덩겜 (테크니컬 테스트 당첨됨)	시청자 421명	Nikke: The Goddess of Victory	2022-09-27 17:40:05.587574
ato1004fd	D	시청자 416명	아트	2022-09-27 17:40:05.587574
천양 (chunyangkr)	[V] 한국 최초 음바페 뽑은 사람	시청자 397명	FIFA 23	2022-09-27 17:40:05.587574
던 (dawnhs)	ㅡㅅㅡ;;	시청자 386명	League of Legends	2022-09-27 17:40:05.587574
김달걀 (itsmejanna)	로라뀌 접근금지 (w 도라찌)	시청자 385명	League of Legends	2022-09-27 17:40:05.587574
50번째에서 오류				 2022-09-27 17:40:05.587574
침착맨 (zilioner)	영화평론가 이동진 님 초대석 (구독후원음성X)	시청자 2만명	Just Chatting	2022-09-27 17:42:44.982040
우왁굳 (woowakgood)	축구왕 왁돌이	시청자 1만명	FIFA 23	2022-09-27 17:42:44.982040
비챤_ (viichan6)	6시) VRC 풀트뱅 ~!	시청자 7,989명	Just Chatting	2022-09-27 17:42:44.982040
랄로 (aba4647)	와끼얏호우	시청자 6,439명	World of Warcraft	2022-09-27 17:42:44.982040
러너교 (runner0608)	안녕하세요	시청자 4,976명	Just Chatting	2022-09-27 17:42:44.982040
김도 (kimdoe)	서브노티카 빌로우제로	시청자 4,139명	Subnautica: Below Zero	2022-09-27 17:42:44.982040
서새봄냥 (saddummy)	서새봄] 로크홀라섭) 리치왕의 분노 클래식 OPEN 같이 달려요~	시청자 4,096명	World of Warcraft	2022-09-27 17:42:44.982040
홍방장 (game2eye)	홍 전파사 시청자 그래픽카드 보수작업 해주기	시청자 3,523명	Just Chatting	2022-09-27 17:42:44.982040
앰비션_ (lol_ambition)	24연승시 점수복구	시청자 2,645명	League of Legends	2022-09-27 17:42:44.982040
소풍왔니 (yumyumyu77)	리치왕의 재붕노 첫 시작! 방가방가소붕	시청자 1,811명	World of Warcraft	2022-09-27 17:42:44.982040
푸린_ (rngudwnswkd)	저녁6시 강지팀 VS 너불팀 스크림!	시청자 1,559명	Just Chatting	2022-09-27 17:42:44.982040
중력 (jungryeok)	중력팀 비방연습후 깨달음..	시청자 1,556명	Just Chatting	2022-09-27 17:42:44.982040
김뿡_ (bbonge_)	뿡) 탑 호디르	시청자 1,511명	League of Legends	2022-09-27 17:42:44.982040
이초홍 (h920103)	@_@	시청자 1,352명	Just Chatting	2022-09-27 17:42:44.982040
두니주니 (dunizuni)	ㅎㅇ	시청자 1,276명	Teamfight Tactics	2022-09-27 17:42:44.982040
스틸로 (steelohs)	파파존스 피자 먹방	시청자 1,183명	Just Chatting	2022-09-27 17:42:44.982040
히렌히 (hyren7)	리치킹	시청자 1,143명	World of Warcraft	2022-09-27 17:42:44.982040
Rb0f	DRX Rb / 휴가	시청자 1,142명	VALORANT	2022-09-27 17:42:44.982040
포셔 (portialyn)	-로- 조금 하다가 끔	시청자 1,073명	Lost Ark	2022-09-27 17:42:44.982040
박삐삐__ (smpk9604)	삐하~	시청자 1,069명	Just Chatting	2022-09-27 17:42:44.982040
21번째에서 오류				 2022-09-27 17:42:44.982040
22번째에서 오류				 2022-09-27 17:42:44.982040
찬우정 (jcw970)	(진심)챌린저 달리기 2일차	시청자 803명	League of Legends	2022-09-27 17:42:44.982040
헤징 (hejin0_0)	롤체륑	시청자 769명	Teamfight Tactics	2022-09-27 17:42:44.982040
설백_ (snow_hite)	[설백] 오른쪽 아래 !편집자	시청자 750명	Just Chatting	2022-09-27 17:42:44.982040
캡틴잭 (hwkang2)	오르골 8개 모아서 스탯 50 받는 극한의 수직충	시청자 705명	Lost Ark	2022-09-27 17:42:44.982040
크라니쉬 (kranichhs)	젠지 하스스톤 프로그램 !부트캠프 / 내일 나스리아 미니팩 출시	시청자 676명	Hearthstone	2022-09-27 17:42:44.982040
액시스마이콜 (sn400ja)	정글이 합류해야 하는게임은 진게임이다	시청자 634명	League of Legends	2022-09-27 17:42:44.982040
인섹_ (insec13)	대기열180만갓겜	시청자 622명	League of Legends	2022-09-27 17:42:44.982040
배돈 (baedony)	리치왕의분노 태어나서 처음 합니다	시청자 594명	World of Warcraft	2022-09-27 17:42:44.982040
31번째에서 오류				 2022-09-27 17:42:44.982040
칸데르니아 (jmjdoc)	발키리 엘리시움	시청자 537명	Valkyrie Elysium	2022-09-27 17:42:44.982040
아리스마나 (alicemana_v)	하이루	시청자 528명	Just Chatting	2022-09-27 17:42:44.982040
빅헤드 (bighead033)	대규모 노동 드가자	시청자 507명	Minecraft	2022-09-27 17:42:44.982040
설소영 (mobeom17)	다크악셀 없이 살기 4일차 (살만함)	시청자 507명	Lost Ark	2022-09-27 17:42:44.982040
철면수심 (109ace)	허준이 되어 사람 살리기	시청자 502명	Bio Inc. Redemption	2022-09-27 17:42:44.982040
37번째에서 오류				 2022-09-27 17:42:44.982040
38번째에서 오류				 2022-09-27 17:42:44.982040
세아스토리 (sea_vtuber)	방제 정하기 모듈이 작동하지 않습니다.	시청자 480명	Just Chatting	2022-09-27 17:42:44.982040
진격캐넌 (xorhkd321)	이세계 택티컬대비 신궁 200만들기	시청자 472명	MapleStory	2022-09-27 17:42:44.982040
김하선 (kimhasun)	어서와 낮방은 처음이지?	시청자 463명	Just Chatting	2022-09-27 17:42:44.982040
우사기인뎅 (ny991017)	study with me / 15:00- 19:00	시청자 456명	Just Chatting	2022-09-27 17:42:44.982040
청묘 (i_am_bloooo)	유니온 하고싶어요	시청자 445명	MapleStory	2022-09-27 17:42:44.982040
ato1004fd	D	시청자 431명	아트	2022-09-27 17:42:44.982040
45번째에서 오류				 2022-09-27 17:42:44.982040
천양 (chunyangkr)	[V] 한국 최초 음바페 뽑은 사람	시청자 410명	FIFA 23	2022-09-27 17:42:44.982040
나기상 (mingnagi)	점심 방송	시청자 407명	Just Chatting	2022-09-27 17:42:44.982040
김달걀 (itsmejanna)	로라뀌 접근금지 (w 도라찌)	시청자 385명	League of Legends	2022-09-27 17:42:44.982040
던 (dawnhs)	ㅡㅅㅡ;;	시청자 375명	League of Legends	2022-09-27 17:42:44.982040
50번째에서 오류				 2022-09-27 17:42:44.982040
침착맨 (zilioner)	영화평론가 이동진 님 초대석 (구독후원음성X)	시청자 2만명	Just Chatting	2022-09-27 17:43:41.953562
우왁굳 (woowakgood)	축구왕 왁돌이	시청자 1만명	FIFA 23	2022-09-27 17:43:41.953562
비챤_ (viichan6)	6시) VRC 풀트뱅 ~!	시청자 8,165명	Just Chatting	2022-09-27 17:43:41.953562
랄로 (aba4647)	와끼얏호우	시청자 6,439명	World of Warcraft	2022-09-27 17:43:41.953562
러너교 (runner0608)	안녕하세요	시청자 4,976명	Just Chatting	2022-09-27 17:43:41.953562
서새봄냥 (saddummy)	서새봄] 로크홀라섭) 리치왕의 분노 클래식 OPEN 같이 달려요~	시청자 4,169명	World of Warcraft	2022-09-27 17:43:41.953562
김도 (kimdoe)	서브노티카 빌로우제로	시청자 4,139명	Subnautica: Below Zero	2022-09-27 17:43:41.953562
홍방장 (game2eye)	홍 전파사 시청자 그래픽카드 보수작업 해주기	시청자 3,523명	Just Chatting	2022-09-27 17:43:41.953562
앰비션_ (lol_ambition)	24연승시 점수복구	시청자 2,700명	League of Legends	2022-09-27 17:43:41.953562
소풍왔니 (yumyumyu77)	리치왕의 재붕노 첫 시작! 방가방가소붕	시청자 1,811명	World of Warcraft	2022-09-27 17:43:41.953562
푸린_ (rngudwnswkd)	저녁6시 강지팀 VS 너불팀 스크림!	시청자 1,559명	Just Chatting	2022-09-27 17:43:41.953562
중력 (jungryeok)	중력팀 비방연습후 깨달음..	시청자 1,556명	Just Chatting	2022-09-27 17:43:41.953562
김뿡_ (bbonge_)	뿡) 탑 호디르	시청자 1,511명	League of Legends	2022-09-27 17:43:41.953562
이초홍 (h920103)	@_@	시청자 1,352명	Just Chatting	2022-09-27 17:43:41.953562
두니주니 (dunizuni)	ㅎㅇ	시청자 1,296명	Teamfight Tactics	2022-09-27 17:43:41.953562
스틸로 (steelohs)	파파존스 피자 먹방	시청자 1,183명	Just Chatting	2022-09-27 17:43:41.953562
Rb0f	DRX Rb / 휴가	시청자 1,142명	VALORANT	2022-09-27 17:43:41.953562
히렌히 (hyren7)	리치킹	시청자 1,129명	World of Warcraft	2022-09-27 17:43:41.953562
포셔 (portialyn)	-로- 조금 하다가 끔	시청자 1,073명	Lost Ark	2022-09-27 17:43:41.953562
박삐삐__ (smpk9604)	삐하~	시청자 1,069명	Just Chatting	2022-09-27 17:43:41.953562
21번째에서 오류				 2022-09-27 17:43:41.953562
22번째에서 오류				 2022-09-27 17:43:41.953562
찬우정 (jcw970)	(진심)챌린저 달리기 2일차	시청자 803명	League of Legends	2022-09-27 17:43:41.953562
헤징 (hejin0_0)	롤체륑	시청자 769명	Teamfight Tactics	2022-09-27 17:43:41.953562
설백_ (snow_hite)	[설백] 오른쪽 아래 !편집자	시청자 750명	Just Chatting	2022-09-27 17:43:41.953562
캡틴잭 (hwkang2)	오르골 8개 모아서 스탯 50 받는 극한의 수직충	시청자 705명	Lost Ark	2022-09-27 17:43:41.953562
크라니쉬 (kranichhs)	젠지 하스스톤 프로그램 !부트캠프 / 내일 나스리아 미니팩 출시	시청자 676명	Hearthstone	2022-09-27 17:43:41.953562
액시스마이콜 (sn400ja)	정글이 합류해야 하는게임은 진게임이다	시청자 634명	League of Legends	2022-09-27 17:43:41.953562
인섹_ (insec13)	대기열180만갓겜	시청자 622명	League of Legends	2022-09-27 17:43:41.953562
배돈 (baedony)	리치왕의분노 태어나서 처음 합니다	시청자 594명	World of Warcraft	2022-09-27 17:43:41.953562
31번째에서 오류				 2022-09-27 17:43:41.953562
칸데르니아 (jmjdoc)	발키리 엘리시움	시청자 537명	Valkyrie Elysium	2022-09-27 17:43:41.953562
아리스마나 (alicemana_v)	하이루	시청자 528명	Just Chatting	2022-09-27 17:43:41.953562
빅헤드 (bighead033)	대규모 노동 드가자	시청자 507명	Minecraft	2022-09-27 17:43:41.953562
설소영 (mobeom17)	다크악셀 없이 살기 4일차 (살만함)	시청자 507명	Lost Ark	2022-09-27 17:43:41.953562
철면수심 (109ace)	허준이 되어 사람 살리기	시청자 502명	Bio Inc. Redemption	2022-09-27 17:43:41.953562
37번째에서 오류				 2022-09-27 17:43:41.953562
38번째에서 오류				 2022-09-27 17:43:41.953562
세아스토리 (sea_vtuber)	방제 정하기 모듈이 작동하지 않습니다.	시청자 480명	Just Chatting	2022-09-27 17:43:41.953562
진격캐넌 (xorhkd321)	이세계 택티컬대비 신궁 200만들기	시청자 472명	MapleStory	2022-09-27 17:43:41.953562
김하선 (kimhasun)	어서와 낮방은 처음이지?	시청자 469명	Just Chatting	2022-09-27 17:43:41.953562
42번째에서 오류				 2022-09-27 17:43:41.953562
청묘 (i_am_bloooo)	유니온 하고싶어요	시청자 445명	MapleStory	2022-09-27 17:43:41.953562
우사기인뎅 (ny991017)	study with me / 15:00- 19:00	시청자 440명	Just Chatting	2022-09-27 17:43:41.953562
ato1004fd	D	시청자 431명	아트	2022-09-27 17:43:41.953562
천양 (chunyangkr)	[V] 한국 최초 음바페 뽑은 사람	시청자 410명	FIFA 23	2022-09-27 17:43:41.953562
나기상 (mingnagi)	점심 방송	시청자 407명	Just Chatting	2022-09-27 17:43:41.953562
김달걀 (itsmejanna)	로라뀌 접근금지 (w 도라찌)	시청자 394명	League of Legends	2022-09-27 17:43:41.953562
던 (dawnhs)	ㅡㅅㅡ;;	시청자 375명	League of Legends	2022-09-27 17:43:41.953562
50번째에서 오류				 2022-09-27 17:43:41.953562
침착맨 (zilioner)	영화평론가 이동진 님 초대석 (구독후원음성X)	시청자 2만명	Just Chatting	2022-09-27 17:45:04.808590
우왁굳 (woowakgood)	축구왕 왁돌이	시청자 1만명	FIFA 23	2022-09-27 17:45:04.808590
비챤_ (viichan6)	6시) VRC 풀트뱅 ~!	시청자 8,165명	Just Chatting	2022-09-27 17:45:04.808590
랄로 (aba4647)	와끼얏호우	시청자 6,530명	World of Warcraft	2022-09-27 17:45:04.808590
러너교 (runner0608)	안녕하세요	시청자 5,027명	Just Chatting	2022-09-27 17:45:04.808590
김도 (kimdoe)	서브노티카 빌로우제로	시청자 4,197명	Subnautica: Below Zero	2022-09-27 17:45:04.808590
서새봄냥 (saddummy)	서새봄] 로크홀라섭) 리치왕의 분노 클래식 OPEN 같이 달려요~	시청자 4,169명	World of Warcraft	2022-09-27 17:45:04.808590
홍방장 (game2eye)	홍 전파사 시청자 그래픽카드 보수작업 해주기	시청자 3,523명	Just Chatting	2022-09-27 17:45:04.808590
앰비션_ (lol_ambition)	24연승시 점수복구	시청자 2,700명	League of Legends	2022-09-27 17:45:04.808590
소풍왔니 (yumyumyu77)	리치왕의 재붕노 첫 시작! 방가방가소붕	시청자 1,811명	World of Warcraft	2022-09-27 17:45:04.808590
중력 (jungryeok)	중력팀 비방연습후 깨달음..	시청자 1,618명	Just Chatting	2022-09-27 17:45:04.808590
푸린_ (rngudwnswkd)	저녁6시 강지팀 VS 너불팀 스크림!	시청자 1,559명	Just Chatting	2022-09-27 17:45:04.808590
김뿡_ (bbonge_)	뿡) 탑 호디르	시청자 1,511명	League of Legends	2022-09-27 17:45:04.808590
이초홍 (h920103)	@_@	시청자 1,352명	Just Chatting	2022-09-27 17:45:04.808590
두니주니 (dunizuni)	ㅎㅇ	시청자 1,296명	Teamfight Tactics	2022-09-27 17:45:04.808590
포셔 (portialyn)	-로- 조금 하다가 끔	시청자 1,198명	Lost Ark	2022-09-27 17:45:04.808590
스틸로 (steelohs)	파파존스 피자 먹방	시청자 1,183명	Just Chatting	2022-09-27 17:45:04.808590
Rb0f	DRX Rb / 휴가	시청자 1,169명	VALORANT	2022-09-27 17:45:04.808590
히렌히 (hyren7)	리치킹	시청자 1,129명	World of Warcraft	2022-09-27 17:45:04.808590
박삐삐__ (smpk9604)	삐하~	시청자 1,069명	Just Chatting	2022-09-27 17:45:04.808590
21번째에서 오류				 2022-09-27 17:45:04.808590
22번째에서 오류				 2022-09-27 17:45:04.808590
찬우정 (jcw970)	(진심)챌린저 달리기 2일차	시청자 824명	League of Legends	2022-09-27 17:45:04.808590
헤징 (hejin0_0)	롤체륑	시청자 785명	Teamfight Tactics	2022-09-27 17:45:04.808590
설백_ (snow_hite)	[설백] 오른쪽 아래 !편집자	시청자 781명	Just Chatting	2022-09-27 17:45:04.808590
캡틴잭 (hwkang2)	오르골 8개 모아서 스탯 50 받는 극한의 수직충	시청자 714명	Lost Ark	2022-09-27 17:45:04.808590
크라니쉬 (kranichhs)	젠지 하스스톤 프로그램 !부트캠프 / 내일 나스리아 미니팩 출시	시청자 657명	Hearthstone	2022-09-27 17:45:04.808590
인섹_ (insec13)	대기열180만갓겜	시청자 644명	League of Legends	2022-09-27 17:45:04.808590
액시스마이콜 (sn400ja)	정글이 합류해야 하는게임은 진게임이다	시청자 634명	League of Legends	2022-09-27 17:45:04.808590
배돈 (baedony)	리치왕의분노 태어나서 처음 합니다	시청자 594명	World of Warcraft	2022-09-27 17:45:04.808590
31번째에서 오류				 2022-09-27 17:45:04.808590
칸데르니아 (jmjdoc)	발키리 엘리시움	시청자 554명	Valkyrie Elysium	2022-09-27 17:45:04.808590
아리스마나 (alicemana_v)	하이루	시청자 528명	Just Chatting	2022-09-27 17:45:04.808590
철면수심 (109ace)	허준이 되어 사람 살리기	시청자 525명	Bio Inc. Redemption	2022-09-27 17:45:04.808590
설소영 (mobeom17)	다크악셀 없이 살기 4일차 (살만함)	시청자 525명	Lost Ark	2022-09-27 17:45:04.808590
세아스토리 (sea_vtuber)	방제 정하기 모듈이 작동하지 않습니다.	시청자 512명	Just Chatting	2022-09-27 17:45:04.808590
빅헤드 (bighead033)	대규모 노동 드가자	시청자 507명	Minecraft	2022-09-27 17:45:04.808590
38번째에서 오류				 2022-09-27 17:45:04.808590
진격캐넌 (xorhkd321)	이세계 택티컬대비 신궁 200만들기	시청자 485명	MapleStory	2022-09-27 17:45:04.808590
김하선 (kimhasun)	어서와 낮방은 처음이지?	시청자 469명	Just Chatting	2022-09-27 17:45:04.808590
41번째에서 오류				 2022-09-27 17:45:04.808590
42번째에서 오류				 2022-09-27 17:45:04.808590
청묘 (i_am_bloooo)	유니온 하고싶어요	시청자 445명	MapleStory	2022-09-27 17:45:04.808590
우사기인뎅 (ny991017)	study with me / 15:00- 19:00	시청자 440명	Just Chatting	2022-09-27 17:45:04.808590
ato1004fd	D	시청자 436명	아트	2022-09-27 17:45:04.808590
천양 (chunyangkr)	[V] 한국 최초 음바페 뽑은 사람	시청자 410명	FIFA 23	2022-09-27 17:45:04.808590
나기상 (mingnagi)	점심 방송	시청자 401명	Just Chatting	2022-09-27 17:45:04.808590
김달걀 (itsmejanna)	로라뀌 접근금지 (w 도라찌)	시청자 394명	League of Legends	2022-09-27 17:45:04.808590
던 (dawnhs)	ㅡㅅㅡ;;	시청자 375명	League of Legends	2022-09-27 17:45:04.808590
싸이코먕미 (qwee3577)	Rabbit	시청자 372명	Epic Seven	2022-09-27 17:45:04.808590
침착맨 (zilioner)	영화평론가 이동진 님 초대석 (구독후원음성X)	시청자 2만명	Just Chatting	2022-09-27 17:47:27.775520
우왁굳 (woowakgood)	축구왕 왁돌이	시청자 1만명	FIFA 23	2022-09-27 17:47:27.775520
비챤_ (viichan6)	6시) VRC 풀트뱅 ~!	시청자 8,264명	Just Chatting	2022-09-27 17:47:27.775520
랄로 (aba4647)	와끼얏호우	시청자 6,530명	World of Warcraft	2022-09-27 17:47:27.775520
러너교 (runner0608)	안녕하세요	시청자 5,027명	Just Chatting	2022-09-27 17:47:27.775520
김도 (kimdoe)	서브노티카 빌로우제로	시청자 4,197명	Subnautica: Below Zero	2022-09-27 17:47:27.775520
서새봄냥 (saddummy)	서새봄] 로크홀라섭) 리치왕의 분노 클래식 OPEN 같이 달려요~	시청자 4,169명	World of Warcraft	2022-09-27 17:47:27.775520
홍방장 (game2eye)	홍 전파사 시청자 그래픽카드 보수작업 해주기	시청자 3,671명	Just Chatting	2022-09-27 17:47:27.775520
앰비션_ (lol_ambition)	24연승시 점수복구	시청자 2,790명	League of Legends	2022-09-27 17:47:27.775520
푸린_ (rngudwnswkd)	저녁6시 강지팀 VS 너불팀 스크림!	시청자 2,032명	Just Chatting	2022-09-27 17:47:27.775520
소풍왔니 (yumyumyu77)	리치왕의 재붕노 첫 시작! 방가방가소붕	시청자 1,723명	World of Warcraft	2022-09-27 17:47:27.775520
중력 (jungryeok)	중력팀 비방연습후 깨달음..	시청자 1,618명	Just Chatting	2022-09-27 17:47:27.775520
김뿡_ (bbonge_)	뿡) 탑 호디르	시청자 1,493명	League of Legends	2022-09-27 17:47:27.775520
이초홍 (h920103)	@_@	시청자 1,447명	Just Chatting	2022-09-27 17:47:27.775520
두니주니 (dunizuni)	ㅎㅇ	시청자 1,316명	Teamfight Tactics	2022-09-27 17:47:27.775520
포셔 (portialyn)	-로- 조금 하다가 끔	시청자 1,198명	Lost Ark	2022-09-27 17:47:27.775520
Rb0f	DRX Rb / 휴가	시청자 1,169명	VALORANT	2022-09-27 17:47:27.775520
스틸로 (steelohs)	파파존스 피자 먹방	시청자 1,154명	Just Chatting	2022-09-27 17:47:27.775520
히렌히 (hyren7)	리치킹	시청자 1,129명	World of Warcraft	2022-09-27 17:47:27.775520
박삐삐__ (smpk9604)	삐하~	시청자 1,099명	Just Chatting	2022-09-27 17:47:27.775520
21번째에서 오류				 2022-09-27 17:47:27.775520
22번째에서 오류				 2022-09-27 17:47:27.775520
찬우정 (jcw970)	(진심)챌린저 달리기 2일차	시청자 824명	League of Legends	2022-09-27 17:47:27.775520
설백_ (snow_hite)	[설백] 오른쪽 아래 !편집자	시청자 781명	Just Chatting	2022-09-27 17:47:27.775520
캡틴잭 (hwkang2)	오르골 8개 모아서 스탯 50 받는 극한의 수직충	시청자 714명	Lost Ark	2022-09-27 17:47:27.775520
크라니쉬 (kranichhs)	젠지 하스스톤 프로그램 !부트캠프 / 내일 나스리아 미니팩 출시	시청자 657명	Hearthstone	2022-09-27 17:47:27.775520
액시스마이콜 (sn400ja)	정글이 합류해야 하는게임은 진게임이다	시청자 644명	League of Legends	2022-09-27 17:47:27.775520
인섹_ (insec13)	대기열180만갓겜	시청자 644명	League of Legends	2022-09-27 17:47:27.775520
아리스마나 (alicemana_v)	하이루	시청자 637명	Just Chatting	2022-09-27 17:47:27.775520
배돈 (baedony)	리치왕의분노 태어나서 처음 합니다	시청자 619명	World of Warcraft	2022-09-27 17:47:27.775520
31번째에서 오류				 2022-09-27 17:47:27.775520
칸데르니아 (jmjdoc)	발키리 엘리시움	시청자 545명	Valkyrie Elysium	2022-09-27 17:47:27.775520
철면수심 (109ace)	허준이 되어 사람 살리기	시청자 525명	Bio Inc. Redemption	2022-09-27 17:47:27.775520
설소영 (mobeom17)	다크악셀 없이 살기 4일차 (살만함)	시청자 525명	Lost Ark	2022-09-27 17:47:27.775520
빅헤드 (bighead033)	대규모 노동 드가자	시청자 517명	Minecraft	2022-09-27 17:47:27.775520
세아스토리 (sea_vtuber)	방제 정하기 모듈이 작동하지 않습니다.	시청자 512명	Just Chatting	2022-09-27 17:47:27.775520
37번째에서 오류				 2022-09-27 17:47:27.775520
진격캐넌 (xorhkd321)	이세계 택티컬대비 신궁 200만들기	시청자 485명	MapleStory	2022-09-27 17:47:27.775520
39번째에서 오류				 2022-09-27 17:47:27.775520
40번째에서 오류				 2022-09-27 17:47:27.775520
청묘 (i_am_bloooo)	유니온 하고싶어요	시청자 459명	MapleStory	2022-09-27 17:47:27.775520
우사기인뎅 (ny991017)	study with me / 15:00- 19:00	시청자 449명	Just Chatting	2022-09-27 17:47:27.775520
ato1004fd	D	시청자 436명	아트	2022-09-27 17:47:27.775520
김하선 (kimhasun)	어서와 낮방은 처음이지?	시청자 416명	Just Chatting	2022-09-27 17:47:27.775520
천양 (chunyangkr)	[V] 한국 최초 음바페 뽑은 사람	시청자 410명	FIFA 23	2022-09-27 17:47:27.775520
나기상 (mingnagi)	점심 방송	시청자 401명	Just Chatting	2022-09-27 17:47:27.775520
김달걀 (itsmejanna)	로라뀌 접근금지 (w 도라찌)	시청자 384명	League of Legends	2022-09-27 17:47:27.775520
48번째에서 오류				 2022-09-27 17:47:27.775520
던 (dawnhs)	ㅡㅅㅡ;;	시청자 375명	League of Legends	2022-09-27 17:47:27.775520
싸이코먕미 (qwee3577)	Rabbit	시청자 372명	Epic Seven	2022-09-27 17:47:27.775520
침착맨 (zilioner)	영화평론가 이동진 님 초대석 (구독후원음성X)	시청자 2.1만명	Just Chatting	2022-09-27 17:50:05.424405
우왁굳 (woowakgood)	축구왕 왁돌이	시청자 1만명	FIFA 23	2022-09-27 17:50:05.424405
비챤_ (viichan6)	6시) VRC 풀트뱅 ~!	시청자 8,482명	Just Chatting	2022-09-27 17:50:05.424405
랄로 (aba4647)	와끼얏호우	시청자 6,530명	World of Warcraft	2022-09-27 17:50:05.424405
러너교 (runner0608)	안녕하세요	시청자 4,957명	Just Chatting	2022-09-27 17:50:05.424405
김도 (kimdoe)	서브노티카 빌로우제로	시청자 4,253명	Subnautica: Below Zero	2022-09-27 17:50:05.424405
서새봄냥 (saddummy)	서새봄] 로크홀라섭) 리치왕의 분노 클래식 OPEN 같이 달려요~	시청자 4,063명	World of Warcraft	2022-09-27 17:50:05.424405
홍방장 (game2eye)	홍 전파사 시청자 그래픽카드 보수작업 해주기	시청자 3,671명	Just Chatting	2022-09-27 17:50:05.424405
앰비션_ (lol_ambition)	24연승시 점수복구	시청자 2,835명	League of Legends	2022-09-27 17:50:05.424405
푸린_ (rngudwnswkd)	저녁6시 강지팀 VS 너불팀 스크림!	시청자 2,032명	Just Chatting	2022-09-27 17:50:05.424405
중력 (jungryeok)	중력팀 비방연습후 깨달음..	시청자 1,748명	Just Chatting	2022-09-27 17:50:05.424405
소풍왔니 (yumyumyu77)	리치왕의 재붕노 첫 시작! 방가방가소붕	시청자 1,703명	World of Warcraft	2022-09-27 17:50:05.424405
김뿡_ (bbonge_)	뿡)	시청자 1,493명	Just Chatting	2022-09-27 17:50:05.424405
이초홍 (h920103)	@_@	시청자 1,386명	Just Chatting	2022-09-27 17:50:05.424405
두니주니 (dunizuni)	ㅎㅇ	시청자 1,316명	Teamfight Tactics	2022-09-27 17:50:05.424405
포셔 (portialyn)	-로- 조금 하다가 끔	시청자 1,299명	Lost Ark	2022-09-27 17:50:05.424405
Rb0f	DRX Rb / 휴가	시청자 1,210명	VALORANT	2022-09-27 17:50:05.424405
스틸로 (steelohs)	파파존스 피자 먹방	시청자 1,154명	Just Chatting	2022-09-27 17:50:05.424405
박삐삐__ (smpk9604)	삐하~	시청자 1,152명	Just Chatting	2022-09-27 17:50:05.424405
히렌히 (hyren7)	리치킹	시청자 1,142명	World of Warcraft	2022-09-27 17:50:05.424405
21번째에서 오류				 2022-09-27 17:50:05.424405
22번째에서 오류				 2022-09-27 17:50:05.424405
찬우정 (jcw970)	(진심)챌린저 달리기 2일차	시청자 838명	League of Legends	2022-09-27 17:50:05.424405
설백_ (snow_hite)	[설백] 오른쪽 아래 !편집자	시청자 769명	Just Chatting	2022-09-27 17:50:05.424405
크라니쉬 (kranichhs)	젠지 하스스톤 프로그램 !부트캠프 / 내일 나스리아 미니팩 출시	시청자 734명	Hearthstone	2022-09-27 17:50:05.424405
캡틴잭 (hwkang2)	오르골 8개 모아서 스탯 50 받는 극한의 수직충	시청자 684명	Lost Ark	2022-09-27 17:50:05.424405
액시스마이콜 (sn400ja)	정글이 합류해야 하는게임은 진게임이다	시청자 671명	League of Legends	2022-09-27 17:50:05.424405
아리스마나 (alicemana_v)	하이루	시청자 621명	Just Chatting	2022-09-27 17:50:05.424405
배돈 (baedony)	리치왕의분노 태어나서 처음 합니다	시청자 619명	World of Warcraft	2022-09-27 17:50:05.424405
인섹_ (insec13)	대기열180만갓겜	시청자 603명	League of Legends	2022-09-27 17:50:05.424405
31번째에서 오류				 2022-09-27 17:50:05.424405
칸데르니아 (jmjdoc)	발키리 엘리시움	시청자 545명	Valkyrie Elysium	2022-09-27 17:50:05.424405
빅헤드 (bighead033)	대규모 노동 드가자	시청자 543명	Minecraft	2022-09-27 17:50:05.424405
철면수심 (109ace)	허준이 되어 사람 살리기	시청자 537명	Bio Inc. Redemption	2022-09-27 17:50:05.424405
35번째에서 오류				 2022-09-27 17:50:05.424405
36번째에서 오류				 2022-09-27 17:50:05.424405
세아스토리 (sea_vtuber)	방제 정하기 모듈이 작동하지 않습니다.	시청자 497명	Just Chatting	2022-09-27 17:50:05.424405
설소영 (mobeom17)	다크악셀 없이 살기 4일차 (살만함)	시청자 493명	Lost Ark	2022-09-27 17:50:05.424405
진격캐넌 (xorhkd321)	이세계 택티컬대비 신궁 200만들기	시청자 491명	MapleStory	2022-09-27 17:50:05.424405
40번째에서 오류				 2022-09-27 17:50:05.424405
청묘 (i_am_bloooo)	유니온 하고싶어요	시청자 459명	MapleStory	2022-09-27 17:50:05.424405
우사기인뎅 (ny991017)	study with me / 15:00- 19:00	시청자 449명	Just Chatting	2022-09-27 17:50:05.424405
ato1004fd	D	시청자 436명	아트	2022-09-27 17:50:05.424405
나기상 (mingnagi)	점심 방송	시청자 411명	Just Chatting	2022-09-27 17:50:05.424405
천양 (chunyangkr)	[V] 한국 최초 음바페 뽑은 사람	시청자 394명	FIFA 23	2022-09-27 17:50:05.424405
김하선 (kimhasun)	어서와 낮방은 처음이지?	시청자 386명	Just Chatting	2022-09-27 17:50:05.424405
김달걀 (itsmejanna)	로라뀌 접근금지 (w 도라찌)	시청자 384명	League of Legends	2022-09-27 17:50:05.424405
던 (dawnhs)	ㅡㅅㅡ;;	시청자 379명	League of Legends	2022-09-27 17:50:05.424405
49번째에서 오류				 2022-09-27 17:50:05.424405
에임봇임 (e36aimbot)	아	시청자 370명	Apex Legends	2022-09-27 17:50:05.424405
침착맨 (zilioner)	영화평론가 이동진 님 초대석 (구독후원음성X)	시청자 2.1만명	Just Chatting	2022-09-27 17:52:18.583125
우왁굳 (woowakgood)	축구왕 왁돌이	시청자 1만명	FIFA 23	2022-09-27 17:52:18.583125
비챤_ (viichan6)	6시) VRC 풀트뱅 ~!	시청자 8,482명	Just Chatting	2022-09-27 17:52:18.583125
랄로 (aba4647)	와끼얏호우	시청자 6,605명	World of Warcraft	2022-09-27 17:52:18.583125
러너교 (runner0608)	안녕하세요	시청자 4,957명	Just Chatting	2022-09-27 17:52:18.583125
김도 (kimdoe)	서브노티카 빌로우제로	시청자 4,253명	Subnautica: Below Zero	2022-09-27 17:52:18.583125
서새봄냥 (saddummy)	서새봄] 로크홀라섭) 리치왕의 분노 클래식 OPEN 같이 달려요~	시청자 4,063명	World of Warcraft	2022-09-27 17:52:18.583125
홍방장 (game2eye)	홍 전파사 시청자 그래픽카드 보수작업 해주기	시청자 3,727명	Just Chatting	2022-09-27 17:52:18.583125
앰비션_ (lol_ambition)	24연승시 점수복구	시청자 2,835명	League of Legends	2022-09-27 17:52:18.583125
푸린_ (rngudwnswkd)	저녁6시 강지팀 VS 너불팀 스크림!	시청자 2,255명	Just Chatting	2022-09-27 17:52:18.583125
중력 (jungryeok)	중력팀 비방연습후 깨달음..	시청자 1,748명	Just Chatting	2022-09-27 17:52:18.583125
소풍왔니 (yumyumyu77)	리치왕의 재붕노 첫 시작! 방가방가소붕	시청자 1,703명	World of Warcraft	2022-09-27 17:52:18.583125
김뿡_ (bbonge_)	뿡)	시청자 1,475명	Just Chatting	2022-09-27 17:52:18.583125
이초홍 (h920103)	@_@	시청자 1,386명	Just Chatting	2022-09-27 17:52:18.583125
두니주니 (dunizuni)	ㅎㅇ	시청자 1,372명	Teamfight Tactics	2022-09-27 17:52:18.583125
포셔 (portialyn)	-로- 조금 하다가 끔	시청자 1,299명	Lost Ark	2022-09-27 17:52:18.583125
Rb0f	DRX Rb / 휴가	시청자 1,226명	VALORANT	2022-09-27 17:52:18.583125
스틸로 (steelohs)	파파존스 피자 먹방	시청자 1,183명	Just Chatting	2022-09-27 17:52:18.583125
박삐삐__ (smpk9604)	삐하~	시청자 1,152명	Just Chatting	2022-09-27 17:52:18.583125
히렌히 (hyren7)	리치킹	시청자 1,142명	World of Warcraft	2022-09-27 17:52:18.583125
21번째에서 오류				 2022-09-27 17:52:18.583125
22번째에서 오류				 2022-09-27 17:52:18.583125
설백_ (snow_hite)	[설백] 오른쪽 아래 !편집자	시청자 790명	Just Chatting	2022-09-27 17:52:18.583125
따효니 (ddahyoni)	C9 DDaHyoNi ㅅㅡ크림	시청자 788명	VALORANT	2022-09-27 17:52:18.583125
찬우정 (jcw970)	(진심)챌린저 달리기 2일차	시청자 769명	League of Legends	2022-09-27 17:52:18.583125
크라니쉬 (kranichhs)	젠지 하스스톤 프로그램 !부트캠프 / 내일 나스리아 미니팩 출시	시청자 734명	Hearthstone	2022-09-27 17:52:18.583125
캡틴잭 (hwkang2)	오르골 8개 모아서 스탯 50 받는 극한의 수직충	시청자 674명	Lost Ark	2022-09-27 17:52:18.583125
액시스마이콜 (sn400ja)	정글이 합류해야 하는게임은 진게임이다	시청자 671명	League of Legends	2022-09-27 17:52:18.583125
악어 (jdm2088)	6시 발로란트 강지팀 vs 망개팀 스크림 <잠을 자도 피곤하다>	시청자 669명	VALORANT	2022-09-27 17:52:18.583125
배돈 (baedony)	리치왕의분노 태어나서 처음 합니다	시청자 634명	World of Warcraft	2022-09-27 17:52:18.583125
아리스마나 (alicemana_v)	하이루	시청자 621명	Just Chatting	2022-09-27 17:52:18.583125
인섹_ (insec13)	대기열180만갓겜	시청자 603명	League of Legends	2022-09-27 17:52:18.583125
33번째에서 오류				 2022-09-27 17:52:18.583125
빅헤드 (bighead033)	대규모 노동 드가자	시청자 543명	Minecraft	2022-09-27 17:52:18.583125
철면수심 (109ace)	허준이 되어 사람 살리기	시청자 537명	Bio Inc. Redemption	2022-09-27 17:52:18.583125
칸데르니아 (jmjdoc)	발키리 엘리시움	시청자 525명	Valkyrie Elysium	2022-09-27 17:52:18.583125
우사기인뎅 (ny991017)	ㅎㅎ	시청자 512명	Just Chatting	2022-09-27 17:52:18.583125
38번째에서 오류				 2022-09-27 17:52:18.583125
세아스토리 (sea_vtuber)	방제 정하기 모듈이 작동하지 않습니다.	시청자 507명	Just Chatting	2022-09-27 17:52:18.583125
40번째에서 오류				 2022-09-27 17:52:18.583125
설소영 (mobeom17)	다크악셀 없이 살기 4일차 (살만함)	시청자 493명	Lost Ark	2022-09-27 17:52:18.583125
진격캐넌 (xorhkd321)	이세계 택티컬대비 신궁 200만들기	시청자 491명	MapleStory	2022-09-27 17:52:18.583125
43번째에서 오류				 2022-09-27 17:52:18.583125
청묘 (i_am_bloooo)	유니온 하고싶어요	시청자 454명	MapleStory	2022-09-27 17:52:18.583125
ato1004fd	D	시청자 444명	아트	2022-09-27 17:52:18.583125
에임봇임 (e36aimbot)	아	시청자 418명	Apex Legends	2022-09-27 17:52:18.583125
나기상 (mingnagi)	점심 방송	시청자 404명	Just Chatting	2022-09-27 17:52:18.583125
김달걀 (itsmejanna)	로라뀌 접근금지 (w 도라찌)	시청자 396명	League of Legends	2022-09-27 17:52:18.583125
49번째에서 오류				 2022-09-27 17:52:18.583125
싸이코먕미 (qwee3577)	Rabbit	시청자 361명	Epic Seven	2022-09-27 17:52:18.583125
침착맨 (zilioner)	영화평론가 이동진 님 초대석 (구독후원음성X)	시청자 2만명	Just Chatting	2022-09-27 17:55:04.515346
우왁굳 (woowakgood)	축구왕 왁돌이	시청자 1.1만명	FIFA 23	2022-09-27 17:55:04.515346
비챤_ (viichan6)	6시) VRC 풀트뱅 ~!	시청자 8,482명	Just Chatting	2022-09-27 17:55:04.515346
랄로 (aba4647)	와끼얏호우	시청자 6,605명	World of Warcraft	2022-09-27 17:55:04.515346
러너교 (runner0608)	안녕하세요	시청자 4,839명	Just Chatting	2022-09-27 17:55:04.515346
김도 (kimdoe)	서브노티카 빌로우제로	시청자 4,315명	Subnautica: Below Zero	2022-09-27 17:55:04.515346
서새봄냥 (saddummy)	서새봄] 로크홀라섭) 리치왕의 분노 클래식 OPEN 같이 달려요~	시청자 4,063명	World of Warcraft	2022-09-27 17:55:04.515346
홍방장 (game2eye)	홍 전파사 시청자 그래픽카드 보수작업 해주기	시청자 3,822명	Just Chatting	2022-09-27 17:55:04.515346
앰비션_ (lol_ambition)	24연승시 점수복구	시청자 2,869명	League of Legends	2022-09-27 17:55:04.515346
푸린_ (rngudwnswkd)	저녁6시 강지팀 VS 너불팀 스크림!	시청자 2,438명	Just Chatting	2022-09-27 17:55:04.515346
중력 (jungryeok)	중력팀 비방연습후 깨달음..	시청자 1,659명	Just Chatting	2022-09-27 17:55:04.515346
소풍왔니 (yumyumyu77)	리치왕의 재붕노 첫 시작! 방가방가소붕	시청자 1,655명	World of Warcraft	2022-09-27 17:55:04.515346
이초홍 (h920103)	@_@	시청자 1,386명	Just Chatting	2022-09-27 17:55:04.515346
두니주니 (dunizuni)	ㅎㅇ	시청자 1,372명	Teamfight Tactics	2022-09-27 17:55:04.515346
포셔 (portialyn)	-로- 조금 하다가 끔	시청자 1,328명	Lost Ark	2022-09-27 17:55:04.515346
Rb0f	DRX Rb / 휴가	시청자 1,226명	VALORANT	2022-09-27 17:55:04.515346
따효니 (ddahyoni)	C9 DDaHyoNi ㅅㅡ크림	시청자 1,186명	VALORANT	2022-09-27 17:55:04.515346
스틸로 (steelohs)	파파존스 피자 먹방	시청자 1,183명	Just Chatting	2022-09-27 17:55:04.515346
히렌히 (hyren7)	리치킹	시청자 1,162명	World of Warcraft	2022-09-27 17:55:04.515346
박삐삐__ (smpk9604)	삐하~	시청자 1,117명	Just Chatting	2022-09-27 17:55:04.515346
악어 (jdm2088)	6시 발로란트 강지팀 vs 망개팀 스크림 <잠을 자도 피곤하다>	시청자 1,116명	VALORANT	2022-09-27 17:55:04.515346
22번째에서 오류				 2022-09-27 17:55:04.515346
23번째에서 오류				 2022-09-27 17:55:04.515346
설백_ (snow_hite)	[설백] 오른쪽 아래 !편집자	시청자 821명	Just Chatting	2022-09-27 17:55:04.515346
찬우정 (jcw970)	(진심)챌린저 달리기 2일차	시청자 743명	League of Legends	2022-09-27 17:55:04.515346
26번째에서 오류				 2022-09-27 17:55:04.515346
크라니쉬 (kranichhs)	젠지 하스스톤 프로그램 !부트캠프 / 내일 나스리아 미니팩 출시	시청자 721명	Hearthstone	2022-09-27 17:55:04.515346
액시스마이콜 (sn400ja)	정글이 합류해야 하는게임은 진게임이다	시청자 692명	League of Legends	2022-09-27 17:55:04.515346
캡틴잭 (hwkang2)	오르골 8개 모아서 스탯 50 받는 극한의 수직충	시청자 655명	Lost Ark	2022-09-27 17:55:04.515346
아리스마나 (alicemana_v)	하이루	시청자 636명	Just Chatting	2022-09-27 17:55:04.515346
배돈 (baedony)	리치왕의분노 태어나서 처음 합니다	시청자 634명	World of Warcraft	2022-09-27 17:55:04.515346
인섹_ (insec13)	대기열180만갓겜	시청자 613명	League of Legends	2022-09-27 17:55:04.515346
33번째에서 오류				 2022-09-27 17:55:04.515346
빅헤드 (bighead033)	대규모 노동 드가자	시청자 572명	Minecraft	2022-09-27 17:55:04.515346
세아스토리 (sea_vtuber)	방제 정하기 모듈이 작동하지 않습니다.	시청자 540명	Just Chatting	2022-09-27 17:55:04.515346
철면수심 (109ace)	허준이 되어 사람 살리기	시청자 531명	Bio Inc. Redemption	2022-09-27 17:55:04.515346
칸데르니아 (jmjdoc)	발키리 엘리시움	시청자 525명	Valkyrie Elysium	2022-09-27 17:55:04.515346
우사기인뎅 (ny991017)	ㅎㅎ	시청자 512명	Just Chatting	2022-09-27 17:55:04.515346
39번째에서 오류				 2022-09-27 17:55:04.515346
진격캐넌 (xorhkd321)	이세계 택티컬대비 신궁 200만들기	시청자 501명	MapleStory	2022-09-27 17:55:04.515346
41번째에서 오류				 2022-09-27 17:55:04.515346
설소영 (mobeom17)	다크악셀 없이 살기 4일차 (살만함)	시청자 484명	Lost Ark	2022-09-27 17:55:04.515346
청묘 (i_am_bloooo)	유니온 하고싶어요	시청자 454명	MapleStory	2022-09-27 17:55:04.515346
ato1004fd	D	시청자 450명	아트	2022-09-27 17:55:04.515346
김달걀 (itsmejanna)	로라뀌 접근금지 (w 도라찌)	시청자 407명	League of Legends	2022-09-27 17:55:04.515346
나기상 (mingnagi)	점심 방송	시청자 404명	Just Chatting	2022-09-27 17:55:04.515346
순당무 (liok0485)	롤합니다.	시청자 388명	League of Legends	2022-09-27 17:55:04.515346
에임봇임 (e36aimbot)	아	시청자 387명	Apex Legends	2022-09-27 17:55:04.515346
49번째에서 오류				 2022-09-27 17:55:04.515346
싸이코먕미 (qwee3577)	Rabbit	시청자 351명	Epic Seven	2022-09-27 17:55:04.515346
침착맨 (zilioner)	영화평론가 이동진 님 초대석 (구독후원음성X)	시청자 2만명	Just Chatting	2022-09-27 17:56:13.924999
우왁굳 (woowakgood)	축구왕 왁돌이	시청자 1.1만명	FIFA 23	2022-09-27 17:56:13.924999
비챤_ (viichan6)	6시) VRC 풀트뱅 ~!	시청자 8,385명	Just Chatting	2022-09-27 17:56:13.924999
랄로 (aba4647)	와끼얏호우	시청자 6,605명	World of Warcraft	2022-09-27 17:56:13.924999
러너교 (runner0608)	안녕하세요	시청자 4,839명	Just Chatting	2022-09-27 17:56:13.924999
김도 (kimdoe)	서브노티카 빌로우제로	시청자 4,315명	Subnautica: Below Zero	2022-09-27 17:56:13.924999
서새봄냥 (saddummy)	서새봄] 로크홀라섭) 리치왕의 분노 클래식 OPEN 같이 달려요~	시청자 4,063명	World of Warcraft	2022-09-27 17:56:13.924999
홍방장 (game2eye)	홍 전파사 시청자 그래픽카드 보수작업 해주기	시청자 3,822명	Just Chatting	2022-09-27 17:56:13.924999
앰비션_ (lol_ambition)	24연승시 점수복구	시청자 2,869명	League of Legends	2022-09-27 17:56:13.924999
푸린_ (rngudwnswkd)	저녁6시 강지팀 VS 너불팀 스크림!	시청자 2,438명	Just Chatting	2022-09-27 17:56:13.924999
중력 (jungryeok)	중력팀 비방연습후 깨달음..	시청자 1,659명	Just Chatting	2022-09-27 17:56:13.924999
소풍왔니 (yumyumyu77)	리치왕의 재붕노 첫 시작! 방가방가소붕	시청자 1,655명	World of Warcraft	2022-09-27 17:56:13.924999
두니주니 (dunizuni)	ㅎㅇ	시청자 1,436명	Teamfight Tactics	2022-09-27 17:56:13.924999
이초홍 (h920103)	@_@	시청자 1,351명	Just Chatting	2022-09-27 17:56:13.924999
포셔 (portialyn)	-로- 조금 하다가 끔	시청자 1,328명	Lost Ark	2022-09-27 17:56:13.924999
Rb0f	DRX Rb / 휴가	시청자 1,268명	VALORANT	2022-09-27 17:56:13.924999
스틸로 (steelohs)	파파존스 피자 먹방	시청자 1,206명	Just Chatting	2022-09-27 17:56:13.924999
따효니 (ddahyoni)	C9 DDaHyoNi ㅅㅡ크림	시청자 1,186명	VALORANT	2022-09-27 17:56:13.924999
히렌히 (hyren7)	리치킹	시청자 1,162명	World of Warcraft	2022-09-27 17:56:13.924999
박삐삐__ (smpk9604)	삐하~	시청자 1,117명	Just Chatting	2022-09-27 17:56:13.924999
악어 (jdm2088)	6시 발로란트 강지팀 vs 망개팀 스크림 <잠을 자도 피곤하다>	시청자 1,116명	VALORANT	2022-09-27 17:56:13.924999
22번째에서 오류				 2022-09-27 17:56:13.924999
23번째에서 오류				 2022-09-27 17:56:13.924999
설백_ (snow_hite)	[설백] 오른쪽 아래 !편집자	시청자 821명	Just Chatting	2022-09-27 17:56:13.924999
찬우정 (jcw970)	(진심)챌린저 달리기 2일차	시청자 743명	League of Legends	2022-09-27 17:56:13.924999
26번째에서 오류				 2022-09-27 17:56:13.924999
크라니쉬 (kranichhs)	젠지 하스스톤 프로그램 !부트캠프 / 내일 나스리아 미니팩 출시	시청자 721명	Hearthstone	2022-09-27 17:56:13.924999
액시스마이콜 (sn400ja)	정글이 합류해야 하는게임은 진게임이다	시청자 692명	League of Legends	2022-09-27 17:56:13.924999
캡틴잭 (hwkang2)	오르골 8개 모아서 스탯 50 받는 극한의 수직충	시청자 655명	Lost Ark	2022-09-27 17:56:13.924999
아리스마나 (alicemana_v)	하이루	시청자 636명	Just Chatting	2022-09-27 17:56:13.924999
배돈 (baedony)	리치왕의분노 태어나서 처음 합니다	시청자 634명	World of Warcraft	2022-09-27 17:56:13.924999
인섹_ (insec13)	대기열180만갓겜	시청자 606명	League of Legends	2022-09-27 17:56:13.924999
33번째에서 오류				 2022-09-27 17:56:13.924999
빅헤드 (bighead033)	대규모 노동 드가자	시청자 572명	Minecraft	2022-09-27 17:56:13.924999
세아스토리 (sea_vtuber)	방제 정하기 모듈이 작동하지 않습니다.	시청자 540명	Just Chatting	2022-09-27 17:56:13.924999
철면수심 (109ace)	허준이 되어 사람 살리기	시청자 531명	Bio Inc. Redemption	2022-09-27 17:56:13.924999
칸데르니아 (jmjdoc)	발키리 엘리시움	시청자 525명	Valkyrie Elysium	2022-09-27 17:56:13.924999
우사기인뎅 (ny991017)	ㅎㅎ	시청자 523명	Just Chatting	2022-09-27 17:56:13.924999
39번째에서 오류				 2022-09-27 17:56:13.924999
40번째에서 오류				 2022-09-27 17:56:13.924999
진격캐넌 (xorhkd321)	이세계 택티컬대비 신궁 200만들기	시청자 501명	MapleStory	2022-09-27 17:56:13.924999
설소영 (mobeom17)	다크악셀 없이 살기 4일차 (살만함)	시청자 484명	Lost Ark	2022-09-27 17:56:13.924999
청묘 (i_am_bloooo)	유니온 하고싶어요	시청자 454명	MapleStory	2022-09-27 17:56:13.924999
ato1004fd	D	시청자 450명	아트	2022-09-27 17:56:13.924999
김달걀 (itsmejanna)	로라뀌 접근금지 (w 도라찌)	시청자 407명	League of Legends	2022-09-27 17:56:13.924999
나기상 (mingnagi)	점심 방송	시청자 404명	Just Chatting	2022-09-27 17:56:13.924999
순당무 (liok0485)	롤합니다.	시청자 388명	League of Legends	2022-09-27 17:56:13.924999
에임봇임 (e36aimbot)	아	시청자 387명	Apex Legends	2022-09-27 17:56:13.924999
49번째에서 오류				 2022-09-27 17:56:13.924999
heavyRainism	호우!	시청자 359명	Gundam Evolution	2022-09-27 17:56:13.924999
침착맨 (zilioner)	영화평론가 이동진 님 초대석 (구독후원음성X)	시청자 2만명	Just Chatting	2022-09-27 17:58:01.770543
우왁굳 (woowakgood)	축구왕 왁돌이	시청자 1.1만명	FIFA 23	2022-09-27 17:58:01.770543
비챤_ (viichan6)	6시) VRC 풀트뱅 ~!	시청자 8,385명	Just Chatting	2022-09-27 17:58:01.770543
랄로 (aba4647)	와끼얏호우	시청자 6,605명	World of Warcraft	2022-09-27 17:58:01.770543
러너교 (runner0608)	안녕하세요	시청자 4,930명	Just Chatting	2022-09-27 17:58:01.770543
김도 (kimdoe)	서브노티카 빌로우제로	시청자 4,403명	Subnautica: Below Zero	2022-09-27 17:58:01.770543
서새봄냥 (saddummy)	서새봄] 로크홀라섭) 리치왕의 분노 클래식 OPEN 같이 달려요~	시청자 4,063명	World of Warcraft	2022-09-27 17:58:01.770543
홍방장 (game2eye)	홍 전파사 시청자 그래픽카드 보수작업 해주기	시청자 3,822명	Just Chatting	2022-09-27 17:58:01.770543
앰비션_ (lol_ambition)	24연승시 점수복구	시청자 2,869명	League of Legends	2022-09-27 17:58:01.770543
푸린_ (rngudwnswkd)	저녁6시 강지팀 VS 너불팀 스크림!	시청자 2,355명	Just Chatting	2022-09-27 17:58:01.770543
소풍왔니 (yumyumyu77)	리치왕의 재붕노 첫 시작! 방가방가소붕	시청자 1,655명	World of Warcraft	2022-09-27 17:58:01.770543
중력 (jungryeok)	중력팀 비방연습후 깨달음..	시청자 1,623명	Just Chatting	2022-09-27 17:58:01.770543
13번째에서 오류				 2022-09-27 17:58:01.770543
두니주니 (dunizuni)	ㅎㅇ	시청자 1,436명	Teamfight Tactics	2022-09-27 17:58:01.770543
이초홍 (h920103)	@_@	시청자 1,351명	Just Chatting	2022-09-27 17:58:01.770543
포셔 (portialyn)	-로- 조금 하다가 끔	시청자 1,328명	Lost Ark	2022-09-27 17:58:01.770543
Rb0f	DRX Rb / 휴가	시청자 1,268명	VALORANT	2022-09-27 17:58:01.770543
스틸로 (steelohs)	파파존스 피자 먹방	시청자 1,206명	Just Chatting	2022-09-27 17:58:01.770543
악어 (jdm2088)	6시 발로란트 강지팀 vs 망개팀 스크림 <잠을 자도 피곤하다>	시청자 1,201명	VALORANT	2022-09-27 17:58:01.770543
따효니 (ddahyoni)	C9 DDaHyoNi ㅅㅡ크림	시청자 1,186명	VALORANT	2022-09-27 17:58:01.770543
히렌히 (hyren7)	리치킹	시청자 1,162명	World of Warcraft	2022-09-27 17:58:01.770543
박삐삐__ (smpk9604)	삐하~	시청자 1,079명	Just Chatting	2022-09-27 17:58:01.770543
23번째에서 오류				 2022-09-27 17:58:01.770543
24번째에서 오류				 2022-09-27 17:58:01.770543
설백_ (snow_hite)	[설백] 오른쪽 아래 !편집자	시청자 821명	Just Chatting	2022-09-27 17:58:01.770543
찬우정 (jcw970)	(진심)챌린저 달리기 2일차	시청자 743명	League of Legends	2022-09-27 17:58:01.770543
27번째에서 오류				 2022-09-27 17:58:01.770543
크라니쉬 (kranichhs)	젠지 하스스톤 프로그램 !부트캠프 / 내일 나스리아 미니팩 출시	시청자 721명	Hearthstone	2022-09-27 17:58:01.770543
액시스마이콜 (sn400ja)	정글이 합류해야 하는게임은 진게임이다	시청자 683명	League of Legends	2022-09-27 17:58:01.770543
캡틴잭 (hwkang2)	오르골 8개 모아서 스탯 50 받는 극한의 수직충	시청자 655명	Lost Ark	2022-09-27 17:58:01.770543
아리스마나 (alicemana_v)	하이루	시청자 652명	Just Chatting	2022-09-27 17:58:01.770543
배돈 (baedony)	리치왕의분노 태어나서 처음 합니다	시청자 647명	World of Warcraft	2022-09-27 17:58:01.770543
인섹_ (insec13)	대기열180만갓겜	시청자 606명	League of Legends	2022-09-27 17:58:01.770543
34번째에서 오류				 2022-09-27 17:58:01.770543
빅헤드 (bighead033)	대규모 노동 드가자	시청자 572명	Minecraft	2022-09-27 17:58:01.770543
세아스토리 (sea_vtuber)	방제 정하기 모듈이 작동하지 않습니다.	시청자 540명	Just Chatting	2022-09-27 17:58:01.770543
철면수심 (109ace)	허준이 되어 사람 살리기	시청자 538명	Bio Inc. Redemption	2022-09-27 17:58:01.770543
칸데르니아 (jmjdoc)	발키리 엘리시움	시청자 533명	Valkyrie Elysium	2022-09-27 17:58:01.770543
우사기인뎅 (ny991017)	ㅎㅎ	시청자 523명	Just Chatting	2022-09-27 17:58:01.770543
설소영 (mobeom17)	다크악셀 없이 살기 4일차 (살만함)	시청자 514명	Lost Ark	2022-09-27 17:58:01.770543
41번째에서 오류				 2022-09-27 17:58:01.770543
42번째에서 오류				 2022-09-27 17:58:01.770543
진격캐넌 (xorhkd321)	이세계 택티컬대비 신궁 200만들기	시청자 501명	MapleStory	2022-09-27 17:58:01.770543
ato1004fd	D	시청자 450명	아트	2022-09-27 17:58:01.770543
청묘 (i_am_bloooo)	유니온 하고싶어요	시청자 448명	MapleStory	2022-09-27 17:58:01.770543
나기상 (mingnagi)	점심 방송	시청자 412명	Just Chatting	2022-09-27 17:58:01.770543
김달걀 (itsmejanna)	로라뀌 접근금지 (w 도라찌)	시청자 400명	League of Legends	2022-09-27 17:58:01.770543
순당무 (liok0485)	롤합니다.	시청자 388명	League of Legends	2022-09-27 17:58:01.770543
에임봇임 (e36aimbot)	아	시청자 387명	Apex Legends	2022-09-27 17:58:01.770543
50번째에서 오류				 2022-09-27 17:58:01.770543
침착맨 (zilioner)	영화평론가 이동진 님 초대석 (구독후원음성X)	시청자 2만명	Just Chatting	2022-09-27 18:00:04.869030
우왁굳 (woowakgood)	축구왕 왁돌이	시청자 1.2만명	FIFA 23	2022-09-27 18:00:04.869030
비챤_ (viichan6)	6시) VRC 풀트뱅 ~!	시청자 8,276명	Just Chatting	2022-09-27 18:00:04.869030
랄로 (aba4647)	와끼얏호우	시청자 6,605명	World of Warcraft	2022-09-27 18:00:04.869030
러너교 (runner0608)	안녕하세요	시청자 4,930명	Just Chatting	2022-09-27 18:00:04.869030
김도 (kimdoe)	서브노티카 빌로우제로	시청자 4,403명	Subnautica: Below Zero	2022-09-27 18:00:04.869030
서새봄냥 (saddummy)	서새봄] 로크홀라섭) 리치왕의 분노 클래식 OPEN 같이 달려요~	시청자 4,063명	World of Warcraft	2022-09-27 18:00:04.869030
홍방장 (game2eye)	홍 전파사 시청자 그래픽카드 보수작업 해주기	시청자 3,865명	Just Chatting	2022-09-27 18:00:04.869030
앰비션_ (lol_ambition)	24연승시 점수복구	시청자 2,900명	League of Legends	2022-09-27 18:00:04.869030
푸린_ (rngudwnswkd)	저녁6시 강지팀 VS 너불팀 스크림!	시청자 2,355명	Just Chatting	2022-09-27 18:00:04.869030
소풍왔니 (yumyumyu77)	리치왕의 재붕노 첫 시작! 방가방가소붕	시청자 1,626명	World of Warcraft	2022-09-27 18:00:04.869030
중력 (jungryeok)	중력팀 비방연습후 깨달음..	시청자 1,623명	Just Chatting	2022-09-27 18:00:04.869030
따효니 (ddahyoni)	C9 DDaHyoNi ㅅㅡ크림	시청자 1,605명	VALORANT	2022-09-27 18:00:04.869030
14번째에서 오류				 2022-09-27 18:00:04.869030
두니주니 (dunizuni)	ㅎㅇ	시청자 1,436명	Teamfight Tactics	2022-09-27 18:00:04.869030
이초홍 (h920103)	@_@	시청자 1,351명	Just Chatting	2022-09-27 18:00:04.869030
포셔 (portialyn)	-로- 조금 하다가 끔	시청자 1,328명	Lost Ark	2022-09-27 18:00:04.869030
Rb0f	DRX Rb / 휴가	시청자 1,268명	VALORANT	2022-09-27 18:00:04.869030
스틸로 (steelohs)	파파존스 피자 먹방	시청자 1,206명	Just Chatting	2022-09-27 18:00:04.869030
악어 (jdm2088)	6시 발로란트 강지팀 vs 망개팀 스크림 <잠을 자도 피곤하다>	시청자 1,201명	VALORANT	2022-09-27 18:00:04.869030
히렌히 (hyren7)	리치킹	시청자 1,142명	World of Warcraft	2022-09-27 18:00:04.869030
박삐삐__ (smpk9604)	삐하~	시청자 1,079명	Just Chatting	2022-09-27 18:00:04.869030
23번째에서 오류				 2022-09-27 18:00:04.869030
설백_ (snow_hite)	[설백] 오른쪽 아래 !편집자	시청자 866명	Just Chatting	2022-09-27 18:00:04.869030
25번째에서 오류				 2022-09-27 18:00:04.869030
크라니쉬 (kranichhs)	젠지 하스스톤 프로그램 !부트캠프 / 내일 나스리아 미니팩 출시	시청자 737명	Hearthstone	2022-09-27 18:00:04.869030
찬우정 (jcw970)	(진심)챌린저 달리기 2일차	시청자 734명	League of Legends	2022-09-27 18:00:04.869030
28번째에서 오류				 2022-09-27 18:00:04.869030
캡틴잭 (hwkang2)	오르골 8개 모아서 스탯 50 받는 극한의 수직충	시청자 692명	Lost Ark	2022-09-27 18:00:04.869030
액시스마이콜 (sn400ja)	정글이 합류해야 하는게임은 진게임이다	시청자 683명	League of Legends	2022-09-27 18:00:04.869030
아리스마나 (alicemana_v)	하이루	시청자 652명	Just Chatting	2022-09-27 18:00:04.869030
배돈 (baedony)	리치왕의분노 태어나서 처음 합니다	시청자 640명	World of Warcraft	2022-09-27 18:00:04.869030
인섹_ (insec13)	대기열180만갓겜	시청자 636명	League of Legends	2022-09-27 18:00:04.869030
34번째에서 오류				 2022-09-27 18:00:04.869030
빅헤드 (bighead033)	대규모 노동 드가자	시청자 566명	Minecraft	2022-09-27 18:00:04.869030
세아스토리 (sea_vtuber)	방제 정하기 모듈이 작동하지 않습니다.	시청자 553명	Just Chatting	2022-09-27 18:00:04.869030
우사기인뎅 (ny991017)	ㅎㅎ	시청자 549명	Just Chatting	2022-09-27 18:00:04.869030
철면수심 (109ace)	허준이 되어 사람 살리기	시청자 538명	Bio Inc. Redemption	2022-09-27 18:00:04.869030
칸데르니아 (jmjdoc)	발키리 엘리시움	시청자 533명	Valkyrie Elysium	2022-09-27 18:00:04.869030
40번째에서 오류				 2022-09-27 18:00:04.869030
설소영 (mobeom17)	다크악셀 없이 살기 4일차 (살만함)	시청자 514명	Lost Ark	2022-09-27 18:00:04.869030
42번째에서 오류				 2022-09-27 18:00:04.869030
진격캐넌 (xorhkd321)	이세계 택티컬대비 신궁 200만들기	시청자 489명	MapleStory	2022-09-27 18:00:04.869030
ato1004fd	D	시청자 450명	아트	2022-09-27 18:00:04.869030
청묘 (i_am_bloooo)	유니온 하고싶어요	시청자 448명	MapleStory	2022-09-27 18:00:04.869030
명훈 (mlchoins)	[명훈] 라운드당 3명씩만 잡기 6시 스크림 발로란트	시청자 444명	VALORANT	2022-09-27 18:00:04.869030
에임봇임 (e36aimbot)	아	시청자 432명	Apex Legends	2022-09-27 18:00:04.869030
나기상 (mingnagi)	점심 방송	시청자 412명	Just Chatting	2022-09-27 18:00:04.869030
김달걀 (itsmejanna)	로라뀌 접근금지 (w 도라찌)	시청자 400명	League of Legends	2022-09-27 18:00:04.869030
50번째에서 오류				 2022-09-27 18:00:04.869030
우왁굳 (woowakgood)	축구왕 왁돌이	시청자 1.2만명	FIFA 23	2022-09-27 18:05:05.026342
비챤_ (viichan6)	6시) VRC 풀트뱅 ~!	시청자 7,918명	Just Chatting	2022-09-27 18:05:05.026342
랄로 (aba4647)	와끼얏호우	시청자 7,159명	World of Warcraft	2022-09-27 18:05:05.026342
러너교 (runner0608)	안녕하세요	시청자 4,775명	Just Chatting	2022-09-27 18:05:05.026342
김도 (kimdoe)	서브노티카 빌로우제로	시청자 4,583명	Subnautica: Below Zero	2022-09-27 18:05:05.026342
홍방장 (game2eye)	홍 전파사 시청자 그래픽카드 보수작업 해주기	시청자 4,233명	Just Chatting	2022-09-27 18:05:05.026342
서새봄냥 (saddummy)	서새봄] 로크홀라섭) 리치왕의 분노 클래식 OPEN 같이 달려요~	시청자 4,105명	World of Warcraft	2022-09-27 18:05:05.026342
앰비션_ (lol_ambition)	24연승시 점수복구	시청자 3,119명	League of Legends	2022-09-27 18:05:05.026342
괴물쥐123 (tmxk319)	발낳대 전 스크림	시청자 2,108명	VALORANT	2022-09-27 18:05:05.026342
따효니 (ddahyoni)	C9 DDaHyoNi ㅅㅡ크림	시청자 2,050명	VALORANT	2022-09-27 18:05:05.026342
푸린_ (rngudwnswkd)	저녁6시 강지팀 VS 너불팀 스크림!	시청자 1,858명	Just Chatting	2022-09-27 18:05:05.026342
중력 (jungryeok)	중력팀 비방연습후 깨달음..	시청자 1,837명	Just Chatting	2022-09-27 18:05:05.026342
소풍왔니 (yumyumyu77)	리치왕의 재붕노 첫 시작! 방가방가소붕	시청자 1,675명	World of Warcraft	2022-09-27 18:05:05.026342
두니주니 (dunizuni)	ㅎㅇ	시청자 1,521명	Teamfight Tactics	2022-09-27 18:05:05.026342
15번째에서 오류				 2022-09-27 18:05:05.026342
포셔 (portialyn)	-로- 조금 하다가 끔	시청자 1,367명	Lost Ark	2022-09-27 18:05:05.026342
이초홍 (h920103)	@_@	시청자 1,305명	Just Chatting	2022-09-27 18:05:05.026342
스틸로 (steelohs)	카드깡 2차시기	시청자 1,267명	FIFA 23	2022-09-27 18:05:05.026342
악어 (jdm2088)	6시 발로란트 강지팀 vs 망개팀 스크림 <잠을 자도 피곤하다>	시청자 1,241명	VALORANT	2022-09-27 18:05:05.026342
히렌히 (hyren7)	리치킹	시청자 1,205명	World of Warcraft	2022-09-27 18:05:05.026342
박삐삐__ (smpk9604)	삐하~	시청자 1,031명	Just Chatting	2022-09-27 18:05:05.026342
Rb0f	DRX Rb / 휴가	시청자 1,028명	VALORANT	2022-09-27 18:05:05.026342
23번째에서 오류				 2022-09-27 18:05:05.026342
설백_ (snow_hite)	[설백] 오른쪽 아래 !편집자	시청자 895명	Just Chatting	2022-09-27 18:05:05.026342
크라니쉬 (kranichhs)	젠지 하스스톤 프로그램 !부트캠프 / 내일 나스리아 미니팩 출시	시청자 875명	Hearthstone	2022-09-27 18:05:05.026342
26번째에서 오류				 2022-09-27 18:05:05.026342
명훈 (mlchoins)	[명훈] 라운드당 3명씩만 잡기 6시 스크림 발로란트	시청자 844명	VALORANT	2022-09-27 18:05:05.026342
28번째에서 오류				 2022-09-27 18:05:05.026342
찬우정 (jcw970)	(진심)챌린저 달리기 2일차	시청자 745명	League of Legends	2022-09-27 18:05:05.026342
캡틴잭 (hwkang2)	오르골 8개 모아서 스탯 50 받는 극한의 수직충	시청자 735명	Lost Ark	2022-09-27 18:05:05.026342
액시스마이콜 (sn400ja)	정글이 합류해야 하는게임은 진게임이다	시청자 710명	League of Legends	2022-09-27 18:05:05.026342
인섹_ (insec13)	대기열180만갓겜	시청자 672명	League of Legends	2022-09-27 18:05:05.026342
배돈 (baedony)	리치왕의분노 태어나서 처음 합니다	시청자 652명	World of Warcraft	2022-09-27 18:05:05.026342
세아스토리 (sea_vtuber)	방제 정하기 모듈이 작동하지 않습니다.	시청자 582명	Just Chatting	2022-09-27 18:05:05.026342
35번째에서 오류				 2022-09-27 18:05:05.026342
철면수심 (109ace)	허준이 되어 사람 살리기	시청자 559명	Bio Inc. Redemption	2022-09-27 18:05:05.026342
빅헤드 (bighead033)	대규모 노동 드가자	시청자 553명	Minecraft	2022-09-27 18:05:05.026342
우사기인뎅 (ny991017)	ㅎㅎ	시청자 539명	Just Chatting	2022-09-27 18:05:05.026342
설소영 (mobeom17)	다크악셀 없이 살기 4일차 (살만함)	시청자 532명	Lost Ark	2022-09-27 18:05:05.026342
아리스마나 (alicemana_v)	하이루	시청자 523명	Just Chatting	2022-09-27 18:05:05.026342
41번째에서 오류				 2022-09-27 18:05:05.026342
칸데르니아 (jmjdoc)	발키리 엘리시움	시청자 498명	Valkyrie Elysium	2022-09-27 18:05:05.026342
43번째에서 오류				 2022-09-27 18:05:05.026342
마왕루야_ (maoruya)	오늘 스크림에서는 새로운 캐릭터를 보여줄 예정!	시청자 472명	VALORANT	2022-09-27 18:05:05.026342
진격캐넌 (xorhkd321)	이세계 택티컬대비 신궁 200만들기	시청자 469명	MapleStory	2022-09-27 18:05:05.026342
청묘 (i_am_bloooo)	유니온 하고싶어요	시청자 464명	MapleStory	2022-09-27 18:05:05.026342
ato1004fd	D	시청자 460명	아트	2022-09-27 18:05:05.026342
48번째에서 오류				 2022-09-27 18:05:05.026342
에임봇임 (e36aimbot)	아	시청자 416명	Apex Legends	2022-09-27 18:05:05.026342
김달걀 (itsmejanna)	로라뀌 접근금지 (w 도라찌)	시청자 416명	League of Legends	2022-09-27 18:05:05.026342
우왁굳 (woowakgood)	축구왕 왁돌이	시청자 1.3만명	FIFA 23	2022-09-27 18:10:04.804592
비챤_ (viichan6)	6시) VRC 풀트뱅 ~!	시청자 8,021명	Just Chatting	2022-09-27 18:10:04.804592
랄로 (aba4647)	와끼얏호우	시청자 7,013명	World of Warcraft	2022-09-27 18:10:04.804592
러너교 (runner0608)	안녕하세요	시청자 5,055명	Just Chatting	2022-09-27 18:10:04.804592
김도 (kimdoe)	서브노티카 빌로우제로	시청자 4,871명	Subnautica: Below Zero	2022-09-27 18:10:04.804592
서새봄냥 (saddummy)	서새봄] 로크홀라섭) 리치왕의 분노 클래식 OPEN 같이 달려요~	시청자 4,320명	World of Warcraft	2022-09-27 18:10:04.804592
홍방장 (game2eye)	홍 전파사 시청자 그래픽카드 보수작업 해주기	시청자 4,093명	Just Chatting	2022-09-27 18:10:04.804592
괴물쥐123 (tmxk319)	발낳대 전 스크림	시청자 3,459명	VALORANT	2022-09-27 18:10:04.804592
앰비션_ (lol_ambition)	24연승시 점수복구	시청자 3,063명	League of Legends	2022-09-27 18:10:04.804592
10번째에서 오류				 2022-09-27 18:10:04.804592
따효니 (ddahyoni)	C9 DDaHyoNi ㅅㅡ크림	시청자 2,560명	VALORANT	2022-09-27 18:10:04.804592
중력 (jungryeok)	중력팀 비방연습후 깨달음..	시청자 1,887명	Just Chatting	2022-09-27 18:10:04.804592
악어 (jdm2088)	6시 발로란트 강지팀 vs 망개팀 스크림 <잠을 자도 피곤하다>	시청자 1,858명	VALORANT	2022-09-27 18:10:04.804592
소풍왔니 (yumyumyu77)	ㅇㅅㅇ	시청자 1,761명	Just Chatting	2022-09-27 18:10:04.804592
푸린_ (rngudwnswkd)	저녁6시 강지팀 VS 망개팀 스크림!	시청자 1,685명	Just Chatting	2022-09-27 18:10:04.804592
두니주니 (dunizuni)	ㅎㅇ	시청자 1,540명	Teamfight Tactics	2022-09-27 18:10:04.804592
포셔 (portialyn)	-로- 조금 하다가 끔	시청자 1,240명	Lost Ark	2022-09-27 18:10:04.804592
히렌히 (hyren7)	리치킹	시청자 1,220명	World of Warcraft	2022-09-27 18:10:04.804592
스틸로 (steelohs)	카드깡 2차시기	시청자 1,212명	FIFA 23	2022-09-27 18:10:04.804592
박삐삐__ (smpk9604)	삐하~	시청자 1,207명	Just Chatting	2022-09-27 18:10:04.804592
이초홍 (h920103)	@_@	시청자 1,121명	Just Chatting	2022-09-27 18:10:04.804592
Rb0f	DRX Rb / 휴가	시청자 1,009명	VALORANT	2022-09-27 18:10:04.804592
23번째에서 오류				 2022-09-27 18:10:04.804592
설백_ (snow_hite)	[설백] 오른쪽 아래 !편집자	시청자 882명	Just Chatting	2022-09-27 18:10:04.804592
크라니쉬 (kranichhs)	젠지 하스스톤 프로그램 !부트캠프 / 내일 나스리아 미니팩 출시	시청자 862명	Hearthstone	2022-09-27 18:10:04.804592
명훈 (mlchoins)	[명훈] 라운드당 3명씩만 잡기 6시 스크림 발로란트	시청자 854명	VALORANT	2022-09-27 18:10:04.804592
철면수심 (109ace)	허준이 되어 사람 살리기	시청자 821명	Bio Inc. Redemption	2022-09-27 18:10:04.804592
28번째에서 오류				 2022-09-27 18:10:04.804592
찬우정 (jcw970)	(진심)챌린저 달리기 2일차	시청자 763명	League of Legends	2022-09-27 18:10:04.804592
30번째에서 오류				 2022-09-27 18:10:04.804592
인섹_ (insec13)	대기열180만갓겜	시청자 707명	League of Legends	2022-09-27 18:10:04.804592
캡틴잭 (hwkang2)	오르골 8개 모아서 스탯 50 받는 극한의 수직충	시청자 690명	Lost Ark	2022-09-27 18:10:04.804592
액시스마이콜 (sn400ja)	정글이 합류해야 하는게임은 진게임이다	시청자 689명	League of Legends	2022-09-27 18:10:04.804592
배돈 (baedony)	리치왕의분노 태어나서 처음 합니다	시청자 671명	World of Warcraft	2022-09-27 18:10:04.804592
아리스마나 (alicemana_v)	하이루	시청자 627명	Just Chatting	2022-09-27 18:10:04.804592
세아스토리 (sea_vtuber)	방제 정하기 모듈이 작동하지 않습니다.	시청자 616명	Just Chatting	2022-09-27 18:10:04.804592
빅헤드 (bighead033)	대규모 노동 드가자	시청자 578명	Minecraft	2022-09-27 18:10:04.804592
강지 (rkdwl12)	6시 스크림	시청자 569명	VALORANT	2022-09-27 18:10:04.804592
39번째에서 오류				 2022-09-27 18:10:04.804592
우사기인뎅 (ny991017)	ㅎㅎ	시청자 559명	Just Chatting	2022-09-27 18:10:04.804592
41번째에서 오류				 2022-09-27 18:10:04.804592
칸데르니아 (jmjdoc)	발키리 엘리시움	시청자 530명	Valkyrie Elysium	2022-09-27 18:10:04.804592
마왕루야_ (maoruya)	오늘 스크림에서는 새로운 캐릭터를 보여줄 예정!	시청자 525명	VALORANT	2022-09-27 18:10:04.804592
44번째에서 오류				 2022-09-27 18:10:04.804592
청묘 (i_am_bloooo)	유니온 하고싶어요	시청자 498명	MapleStory	2022-09-27 18:10:04.804592
46번째에서 오류				 2022-09-27 18:10:04.804592
ato1004fd	D	시청자 485명	아트	2022-09-27 18:10:04.804592
설소영 (mobeom17)	다크악셀 없이 살기 4일차 (살만함)	시청자 477명	Lost Ark	2022-09-27 18:10:04.804592
진격캐넌 (xorhkd321)	이세계 택티컬대비 신궁 200만들기	시청자 452명	MapleStory	2022-09-27 18:10:04.804592
에임봇임 (e36aimbot)	아	시청자 428명	Apex Legends	2022-09-27 18:10:04.804592
우왁굳 (woowakgood)	축구왕 왁돌이	시청자 1.4만명	FIFA 23	2022-09-27 18:15:04.629009
비챤_ (viichan6)	6시) VRC 풀트뱅 ~!	시청자 8,179명	Just Chatting	2022-09-27 18:15:04.629009
랄로 (aba4647)	와끼얏호우	시청자 6,793명	World of Warcraft	2022-09-27 18:15:04.629009
러너교 (runner0608)	안녕하세요	시청자 5,126명	Just Chatting	2022-09-27 18:15:04.629009
김도 (kimdoe)	서브노티카 빌로우제로	시청자 5,005명	Subnautica: Below Zero	2022-09-27 18:15:04.629009
서새봄냥 (saddummy)	서새봄] 로크홀라섭) 리치왕의 분노 클래식 OPEN 같이 달려요~	시청자 4,499명	World of Warcraft	2022-09-27 18:15:04.629009
홍방장 (game2eye)	홍 전파사 시청자 그래픽카드 보수작업 해주기	시청자 4,341명	Just Chatting	2022-09-27 18:15:04.629009
괴물쥐123 (tmxk319)	발낳대 전 스크림	시청자 4,190명	VALORANT	2022-09-27 18:15:04.629009
앰비션_ (lol_ambition)	24연승시 점수복구	시청자 3,177명	League of Legends	2022-09-27 18:15:04.629009
10번째에서 오류				 2022-09-27 18:15:04.629009
따효니 (ddahyoni)	C9 DDaHyoNi ㅅㅡ크림	시청자 2,984명	VALORANT	2022-09-27 18:15:04.629009
악어 (jdm2088)	6시 발로란트 강지팀 vs 망개팀 스크림 <잠을 자도 피곤하다>	시청자 2,031명	VALORANT	2022-09-27 18:15:04.629009
푸린_ (rngudwnswkd)	저녁6시 강지팀 VS 망개팀 스크림!	시청자 1,713명	Just Chatting	2022-09-27 18:15:04.629009
마왕루야_ (maoruya)	오늘 스크림에서는 새로운 캐릭터를 보여줄 예정!	시청자 1,637명	VALORANT	2022-09-27 18:15:04.629009
중력 (jungryeok)	중력팀 비방연습후 깨달음..	시청자 1,583명	Just Chatting	2022-09-27 18:15:04.629009
두니주니 (dunizuni)	ㅎㅇ	시청자 1,339명	Teamfight Tactics	2022-09-27 18:15:04.629009
스틸로 (steelohs)	카드깡 2차시기	시청자 1,298명	FIFA 23	2022-09-27 18:15:04.629009
박삐삐__ (smpk9604)	삐하~	시청자 1,275명	Just Chatting	2022-09-27 18:15:04.629009
포셔 (portialyn)	-로- 조금 하다가 끔	시청자 1,221명	Lost Ark	2022-09-27 18:15:04.629009
히렌히 (hyren7)	리치킹	시청자 1,220명	World of Warcraft	2022-09-27 18:15:04.629009
이초홍 (h920103)	@_@	시청자 1,064명	Just Chatting	2022-09-27 18:15:04.629009
Rb0f	DRX Rb / 휴가	시청자 997명	VALORANT	2022-09-27 18:15:04.629009
23번째에서 오류				 2022-09-27 18:15:04.629009
설백_ (snow_hite)	[설백] 오른쪽 아래 !편집자	시청자 898명	Just Chatting	2022-09-27 18:15:04.629009
크라니쉬 (kranichhs)	젠지 하스스톤 프로그램 !부트캠프 / 내일 나스리아 미니팩 출시	시청자 890명	Hearthstone	2022-09-27 18:15:04.629009
명훈 (mlchoins)	[명훈] 라운드당 3명씩만 잡기 6시 스크림 발로란트	시청자 875명	VALORANT	2022-09-27 18:15:04.629009
27번째에서 오류				 2022-09-27 18:15:04.629009
철면수심 (109ace)	허준이 되어 사람 살리기	시청자 794명	Bio Inc. Redemption	2022-09-27 18:15:04.629009
찬우정 (jcw970)	(진심)챌린저 달리기 2일차	시청자 775명	League of Legends	2022-09-27 18:15:04.629009
강지 (rkdwl12)	6시 스크림	시청자 743명	VALORANT	2022-09-27 18:15:04.629009
배돈 (baedony)	리치왕의분노 태어나서 처음 합니다	시청자 713명	World of Warcraft	2022-09-27 18:15:04.629009
인섹_ (insec13)	대기열180만갓겜	시청자 687명	League of Legends	2022-09-27 18:15:04.629009
33번째에서 오류				 2022-09-27 18:15:04.629009
액시스마이콜 (sn400ja)	정글이 합류해야 하는게임은 진게임이다	시청자 663명	League of Legends	2022-09-27 18:15:04.629009
세아스토리 (sea_vtuber)	눈 떠보니 임진왜란에 온 AI	시청자 648명	Games + Demos	2022-09-27 18:15:04.629009
아리스마나 (alicemana_v)	하이루	시청자 644명	Just Chatting	2022-09-27 18:15:04.629009
캡틴잭 (hwkang2)	오르골 8개 모아서 스탯 50 받는 극한의 수직충	시청자 639명	Lost Ark	2022-09-27 18:15:04.629009
우사기인뎅 (ny991017)	ㅎㅎ	시청자 632명	Just Chatting	2022-09-27 18:15:04.629009
빅헤드 (bighead033)	대규모 노동 드가자	시청자 610명	Minecraft	2022-09-27 18:15:04.629009
40번째에서 오류				 2022-09-27 18:15:04.629009
정령왕 (ljh0328)	체스 그마 찍고 저녁밥 먹기	시청자 518명	Teamfight Tactics	2022-09-27 18:15:04.629009
칸데르니아 (jmjdoc)	발키리 엘리시움	시청자 510명	Valkyrie Elysium	2022-09-27 18:15:04.629009
단군 (1983kej)	하나카드 자낳대 발로란트 D-3 연습	시청자 501명	VALORANT	2022-09-27 18:15:04.629009
44번째에서 오류				 2022-09-27 18:15:04.629009
45번째에서 오류				 2022-09-27 18:15:04.629009
ato1004fd	D	시청자 479명	아트	2022-09-27 18:15:04.629009
진격캐넌 (xorhkd321)	이세계 택티컬대비 신궁 200만들기	시청자 478명	MapleStory	2022-09-27 18:15:04.629009
청묘 (i_am_bloooo)	유니온 하고싶어요	시청자 472명	MapleStory	2022-09-27 18:15:04.629009
설소영 (mobeom17)	다크악셀 없이 살기 4일차 (살만함)	시청자 466명	Lost Ark	2022-09-27 18:15:04.629009
에임봇임 (e36aimbot)	아	시청자 452명	Apex Legends	2022-09-27 18:15:04.629009
우왁굳 (woowakgood)	축구왕 왁돌이	시청자 1.4만명	FIFA 23	2022-09-27 18:20:04.482118
비챤_ (viichan6)	6시) VRC 풀트뱅 ~!	시청자 8,352명	VRChat	2022-09-27 18:20:04.482118
랄로 (aba4647)	와끼얏호우	시청자 6,931명	World of Warcraft	2022-09-27 18:20:04.482118
러너교 (runner0608)	안녕하세요	시청자 5,108명	Just Chatting	2022-09-27 18:20:04.482118
김도 (kimdoe)	서브노티카 빌로우제로	시청자 4,945명	Subnautica: Below Zero	2022-09-27 18:20:04.482118
괴물쥐123 (tmxk319)	발낳대 전 스크림	시청자 4,766명	VALORANT	2022-09-27 18:20:04.482118
서새봄냥 (saddummy)	서새봄] 로크홀라섭) 리치왕의 분노 클래식 OPEN 같이 달려요~	시청자 4,585명	World of Warcraft	2022-09-27 18:20:04.482118
홍방장 (game2eye)	홍 전파사 시청자 그래픽카드 보수작업 해주기	시청자 4,503명	Just Chatting	2022-09-27 18:20:04.482118
침착맨 (zilioner)	침&펄 저녁식사 먹기 (구독후원음성X)	시청자 3,592명	Just Chatting	2022-09-27 18:20:04.482118
따효니 (ddahyoni)	C9 DDaHyoNi ㅅㅡ크림	시청자 3,090명	VALORANT	2022-09-27 18:20:04.482118
11번째에서 오류				 2022-09-27 18:20:04.482118
앰비션_ (lol_ambition)	24연승시 점수복구	시청자 2,974명	League of Legends	2022-09-27 18:20:04.482118
악어 (jdm2088)	6시 발로란트 강지팀 vs 망개팀 스크림 <잠을 자도 피곤하다>	시청자 2,306명	VALORANT	2022-09-27 18:20:04.482118
마왕루야_ (maoruya)	오늘 스크림에서는 새로운 캐릭터를 보여줄 예정!	시청자 1,901명	VALORANT	2022-09-27 18:20:04.482118
푸린_ (rngudwnswkd)	저녁6시 강지팀 VS 망개팀 스크림!	시청자 1,688명	Just Chatting	2022-09-27 18:20:04.482118
두니주니 (dunizuni)	ㅎㅇ	시청자 1,382명	Teamfight Tactics	2022-09-27 18:20:04.482118
스틸로 (steelohs)	카드깡 2차시기	시청자 1,313명	FIFA 23	2022-09-27 18:20:04.482118
박삐삐__ (smpk9604)	삐하~	시청자 1,239명	Just Chatting	2022-09-27 18:20:04.482118
포셔 (portialyn)	-로- 조금 하다가 끔	시청자 1,207명	Lost Ark	2022-09-27 18:20:04.482118
히렌히 (hyren7)	리치킹	시청자 1,176명	World of Warcraft	2022-09-27 18:20:04.482118
이초홍 (h920103)	@_@	시청자 1,021명	Just Chatting	2022-09-27 18:20:04.482118
김남봉 (kimnamsoon)	7시 스크림 vs 중력팀	시청자 1,017명	Just Chatting	2022-09-27 18:20:04.482118
Rb0f	DRX Rb / 휴가	시청자 972명	VALORANT	2022-09-27 18:20:04.482118
명훈 (mlchoins)	[명훈] 라운드당 3명씩만 잡기 6시 스크림 발로란트	시청자 955명	VALORANT	2022-09-27 18:20:04.482118
중력 (jungryeok)	중력팀 비방연습후 깨달음..	시청자 945명	Just Chatting	2022-09-27 18:20:04.482118
26번째에서 오류				 2022-09-27 18:20:04.482118
27번째에서 오류				 2022-09-27 18:20:04.482118
설백_ (snow_hite)	[설백] 타짜 설백 !편집자	시청자 879명	Prominence Poker	2022-09-27 18:20:04.482118
크라니쉬 (kranichhs)	젠지 하스스톤 프로그램 !부트캠프 / 내일 나스리아 미니팩 출시	시청자 878명	Hearthstone	2022-09-27 18:20:04.482118
30번째에서 오류				 2022-09-27 18:20:04.482118
강지 (rkdwl12)	6시 스크림	시청자 854명	VALORANT	2022-09-27 18:20:04.482118
배돈 (baedony)	리치왕의분노 태어나서 처음 합니다	시청자 777명	World of Warcraft	2022-09-27 18:20:04.482118
철면수심 (109ace)	허준이 되어 사람 살리기	시청자 758명	Bio Inc. Redemption	2022-09-27 18:20:04.482118
찬우정 (jcw970)	(진심)챌린저 달리기 2일차	시청자 710명	League of Legends	2022-09-27 18:20:04.482118
인섹_ (insec13)	대기열180만갓겜	시청자 678명	League of Legends	2022-09-27 18:20:04.482118
캡틴잭 (hwkang2)	오르골 8개 모아서 스탯 50 받는 극한의 수직충	시청자 673명	Lost Ark	2022-09-27 18:20:04.482118
액시스마이콜 (sn400ja)	정글이 합류해야 하는게임은 진게임이다	시청자 673명	League of Legends	2022-09-27 18:20:04.482118
아리스마나 (alicemana_v)	하이루	시청자 662명	Just Chatting	2022-09-27 18:20:04.482118
우사기인뎅 (ny991017)	ㅎㅎ	시청자 649명	Just Chatting	2022-09-27 18:20:04.482118
빅헤드 (bighead033)	대규모 노동 드가자	시청자 634명	Minecraft	2022-09-27 18:20:04.482118
세아스토리 (sea_vtuber)	눈 떠보니 임진왜란에 온 AI	시청자 617명	Games + Demos	2022-09-27 18:20:04.482118
42번째에서 오류				 2022-09-27 18:20:04.482118
칸데르니아 (jmjdoc)	발키리 엘리시움	시청자 556명	Valkyrie Elysium	2022-09-27 18:20:04.482118
정령왕 (ljh0328)	체스 그마 찍고 저녁밥 먹기	시청자 550명	Teamfight Tactics	2022-09-27 18:20:04.482118
_연두부_ (lovelyyeon)	강녕	시청자 546명	Just Chatting	2022-09-27 18:20:04.482118
단군 (1983kej)	하나카드 자낳대 발로란트 D-3 연습	시청자 519명	VALORANT	2022-09-27 18:20:04.482118
청묘 (i_am_bloooo)	유니온 하고싶어요	시청자 503명	MapleStory	2022-09-27 18:20:04.482118
48번째에서 오류				 2022-09-27 18:20:04.482118
49번째에서 오류				 2022-09-27 18:20:04.482118
설소영 (mobeom17)	다크악셀 없이 살기 4일차 (살만함)	시청자 476명	Lost Ark	2022-09-27 18:20:04.482118
우왁굳 (woowakgood)	축구왕 왁돌이	시청자 1.3만명	FIFA 23	2022-09-27 18:25:04.664974
비챤_ (viichan6)	6시) VRC 풀트뱅 ~!	시청자 8,582명	VRChat	2022-09-27 18:25:04.664974
랄로 (aba4647)	와끼얏호우	시청자 7,065명	World of Warcraft	2022-09-27 18:25:04.664974
괴물쥐123 (tmxk319)	발낳대 전 스크림	시청자 5,454명	VALORANT	2022-09-27 18:25:04.664974
김도 (kimdoe)	서브노티카 빌로우제로	시청자 5,016명	Subnautica: Below Zero	2022-09-27 18:25:04.664974
러너교 (runner0608)	안녕하세요	시청자 4,883명	Just Chatting	2022-09-27 18:25:04.664974
침착맨 (zilioner)	침&펄 저녁식사 먹기 (구독후원음성X)	시청자 4,862명	Just Chatting	2022-09-27 18:25:04.664974
서새봄냥 (saddummy)	서새봄] 로크홀라섭) 리치왕의 분노 클래식 OPEN 같이 달려요~	시청자 4,539명	World of Warcraft	2022-09-27 18:25:04.664974
홍방장 (game2eye)	홍 전파사 시청자 그래픽카드 보수작업 해주기	시청자 4,529명	Just Chatting	2022-09-27 18:25:04.664974
따효니 (ddahyoni)	C9 DDaHyoNi ㅅㅡ크림	시청자 3,795명	VALORANT	2022-09-27 18:25:04.664974
11번째에서 오류				 2022-09-27 18:25:04.664974
앰비션_ (lol_ambition)	24연승시 점수복구	시청자 2,734명	League of Legends	2022-09-27 18:25:04.664974
악어 (jdm2088)	6시 발로란트 강지팀 vs 망개팀 스크림 <잠을 자도 피곤하다>	시청자 2,466명	VALORANT	2022-09-27 18:25:04.664974
마왕루야_ (maoruya)	오늘 스크림에서는 새로운 캐릭터를 보여줄 예정!	시청자 2,224명	VALORANT	2022-09-27 18:25:04.664974
푸린_ (rngudwnswkd)	저녁6시 강지팀 VS 망개팀 스크림!	시청자 1,798명	Just Chatting	2022-09-27 18:25:04.664974
두니주니 (dunizuni)	ㅎㅇ	시청자 1,482명	Teamfight Tactics	2022-09-27 18:25:04.664974
스틸로 (steelohs)	카드깡 2차시기	시청자 1,344명	FIFA 23	2022-09-27 18:25:04.664974
박삐삐__ (smpk9604)	삐하~	시청자 1,224명	Just Chatting	2022-09-27 18:25:04.664974
히렌히 (hyren7)	리치킹	시청자 1,148명	World of Warcraft	2022-09-27 18:25:04.664974
김남봉 (kimnamsoon)	7시 스크림 vs 중력팀	시청자 1,079명	Just Chatting	2022-09-27 18:25:04.664974
이초홍 (h920103)	@_@	시청자 995명	Just Chatting	2022-09-27 18:25:04.664974
명훈 (mlchoins)	[명훈] 라운드당 3명씩만 잡기 6시 스크림 발로란트	시청자 983명	VALORANT	2022-09-27 18:25:04.664974
Rb0f	DRX Rb / 휴가	시청자 972명	VALORANT	2022-09-27 18:25:04.664974
24번째에서 오류				 2022-09-27 18:25:04.664974
강지 (rkdwl12)	6시 스크림	시청자 938명	VALORANT	2022-09-27 18:25:04.664974
크라니쉬 (kranichhs)	젠지 하스스톤 프로그램 !부트캠프 / 내일 나스리아 미니팩 출시	시청자 934명	Hearthstone	2022-09-27 18:25:04.664974
27번째에서 오류				 2022-09-27 18:25:04.664974
28번째에서 오류				 2022-09-27 18:25:04.664974
설백_ (snow_hite)	[설백] 타짜 설백 !편집자	시청자 835명	Prominence Poker	2022-09-27 18:25:04.664974
중력 (jungryeok)	중력팀 비방연습후 깨달음..	시청자 803명	Just Chatting	2022-09-27 18:25:04.664974
찬우정 (jcw970)	(진심)챌린저 달리기 2일차	시청자 732명	League of Legends	2022-09-27 18:25:04.664974
배돈 (baedony)	리치왕의분노 태어나서 처음 합니다	시청자 716명	World of Warcraft	2022-09-27 18:25:04.664974
캡틴잭 (hwkang2)	오르골 8개 모아서 스탯 50 받는 극한의 수직충	시청자 706명	Lost Ark	2022-09-27 18:25:04.664974
철면수심 (109ace)	허준이 되어 사람 살리기	시청자 701명	Bio Inc. Redemption	2022-09-27 18:25:04.664974
액시스마이콜 (sn400ja)	정글이 합류해야 하는게임은 진게임이다	시청자 697명	League of Legends	2022-09-27 18:25:04.664974
인섹_ (insec13)	대기열180만갓겜	시청자 686명	League of Legends	2022-09-27 18:25:04.664974
아리스마나 (alicemana_v)	하이루	시청자 677명	Just Chatting	2022-09-27 18:25:04.664974
빅헤드 (bighead033)	대규모 노동 드가자	시청자 655명	Minecraft	2022-09-27 18:25:04.664974
우사기인뎅 (ny991017)	ㅎㅎ	시청자 641명	Just Chatting	2022-09-27 18:25:04.664974
세아스토리 (sea_vtuber)	눈 떠보니 임진왜란에 온 AI	시청자 606명	Games + Demos	2022-09-27 18:25:04.664974
41번째에서 오류				 2022-09-27 18:25:04.664974
_연두부_ (lovelyyeon)	강녕	시청자 572명	Just Chatting	2022-09-27 18:25:04.664974
칸데르니아 (jmjdoc)	발키리 엘리시움	시청자 556명	Valkyrie Elysium	2022-09-27 18:25:04.664974
정령왕 (ljh0328)	체스 그마 찍고 저녁밥 먹기	시청자 542명	Teamfight Tactics	2022-09-27 18:25:04.664974
단군 (1983kej)	하나카드 자낳대 발로란트 D-3 연습	시청자 535명	VALORANT	2022-09-27 18:25:04.664974
청묘 (i_am_bloooo)	유니온 하고싶어요	시청자 515명	MapleStory	2022-09-27 18:25:04.664974
설소영 (mobeom17)	다크악셀 없이 살기 4일차 (살만함)	시청자 483명	Lost Ark	2022-09-27 18:25:04.664974
ato1004fd	D	시청자 478명	아트	2022-09-27 18:25:04.664974
49번째에서 오류				 2022-09-27 18:25:04.664974
50번째에서 오류				 2022-09-27 18:25:04.664974
우왁굳 (woowakgood)	축구왕 왁돌이	시청자 1.4만명	FIFA 23	2022-09-27 18:30:05.271456
비챤_ (viichan6)	6시) VRC 풀트뱅 ~!	시청자 8,763명	VRChat	2022-09-27 18:30:05.271456
랄로 (aba4647)	와끼얏호우	시청자 6,818명	World of Warcraft	2022-09-27 18:30:05.271456
괴물쥐123 (tmxk319)	발낳대 전 스크림	시청자 5,988명	VALORANT	2022-09-27 18:30:05.271456
침착맨 (zilioner)	침&펄 저녁식사 먹기 (구독후원음성X)	시청자 5,913명	Just Chatting	2022-09-27 18:30:05.271456
김도 (kimdoe)	서브노티카 빌로우제로	시청자 4,882명	Subnautica: Below Zero	2022-09-27 18:30:05.271456
홍방장 (game2eye)	홍 전파사 시청자 그래픽카드 보수작업 해주기	시청자 4,605명	Just Chatting	2022-09-27 18:30:05.271456
서새봄냥 (saddummy)	서새봄] 로크홀라섭) 리치왕의 분노 클래식 OPEN 같이 달려요~	시청자 4,466명	World of Warcraft	2022-09-27 18:30:05.271456
러너교 (runner0608)	안녕하세요	시청자 3,906명	Just Chatting	2022-09-27 18:30:05.271456
10번째에서 오류				 2022-09-27 18:30:05.271456
따효니 (ddahyoni)	C9 DDaHyoNi ㅅㅡ크림	시청자 3,525명	VALORANT	2022-09-27 18:30:05.271456
앰비션_ (lol_ambition)	24연승시 점수복구	시청자 2,840명	League of Legends	2022-09-27 18:30:05.271456
악어 (jdm2088)	6시 발로란트 강지팀 vs 망개팀 스크림 <잠을 자도 피곤하다>	시청자 2,309명	VALORANT	2022-09-27 18:30:05.271456
마왕루야_ (maoruya)	오늘 스크림에서는 새로운 캐릭터를 보여줄 예정!	시청자 2,306명	VALORANT	2022-09-27 18:30:05.271456
푸린_ (rngudwnswkd)	저녁6시 강지팀 VS 망개팀 스크림!	시청자 2,048명	Just Chatting	2022-09-27 18:30:05.271456
두니주니 (dunizuni)	ㅎㅇ	시청자 1,418명	Teamfight Tactics	2022-09-27 18:30:05.271456
스틸로 (steelohs)	카드깡 2차시기	시청자 1,328명	FIFA 23	2022-09-27 18:30:05.271456
박삐삐__ (smpk9604)	삐하~	시청자 1,285명	Just Chatting	2022-09-27 18:30:05.271456
명훈 (mlchoins)	[명훈] 라운드당 3명씩만 잡기 6시 스크림 발로란트	시청자 1,213명	VALORANT	2022-09-27 18:30:05.271456
히렌히 (hyren7)	리치킹	시청자 1,164명	World of Warcraft	2022-09-27 18:30:05.271456
김남봉 (kimnamsoon)	7시 스크림 vs 중력팀	시청자 1,050명	Just Chatting	2022-09-27 18:30:05.271456
이초홍 (h920103)	@_@	시청자 1,014명	Just Chatting	2022-09-27 18:30:05.271456
강지 (rkdwl12)	6시 스크림	시청자 998명	VALORANT	2022-09-27 18:30:05.271456
크라니쉬 (kranichhs)	젠지 하스스톤 프로그램 !부트캠프 / 내일 나스리아 미니팩 출시	시청자 983명	Hearthstone	2022-09-27 18:30:05.271456
너불 (nubulswamp)	빡	시청자 932명	VALORANT	2022-09-27 18:30:05.271456
똘똘똘이_ (jungtaejune)	즐거운 화요일	시청자 925명	Just Chatting	2022-09-27 18:30:05.271456
Rb0f	DRX Rb / 휴가	시청자 904명	VALORANT	2022-09-27 18:30:05.271456
28번째에서 오류				 2022-09-27 18:30:05.271456
29번째에서 오류				 2022-09-27 18:30:05.271456
30번째에서 오류				 2022-09-27 18:30:05.271456
중력 (jungryeok)	중력팀 비방연습후 깨달음..	시청자 814명	Just Chatting	2022-09-27 18:30:05.271456
설백_ (snow_hite)	[설백] 타짜 설백 !편집자	시청자 803명	Prominence Poker	2022-09-27 18:30:05.271456
찬우정 (jcw970)	(진심)챌린저 달리기 2일차	시청자 749명	League of Legends	2022-09-27 18:30:05.271456
배돈 (baedony)	리치왕의분노 태어나서 처음 합니다	시청자 736명	World of Warcraft	2022-09-27 18:30:05.271456
캡틴잭 (hwkang2)	오르골 8개 모아서 스탯 50 받는 극한의 수직충	시청자 727명	Lost Ark	2022-09-27 18:30:05.271456
철면수심 (109ace)	허준이 되어 사람 살리기	시청자 718명	Bio Inc. Redemption	2022-09-27 18:30:05.271456
액시스마이콜 (sn400ja)	정글이 합류해야 하는게임은 진게임이다	시청자 686명	League of Legends	2022-09-27 18:30:05.271456
빅헤드 (bighead033)	대규모 노동 드가자	시청자 675명	Minecraft	2022-09-27 18:30:05.271456
우사기인뎅 (ny991017)	ㅎㅎ	시청자 642명	Just Chatting	2022-09-27 18:30:05.271456
아리스마나 (alicemana_v)	하이루	시청자 636명	Just Chatting	2022-09-27 18:30:05.271456
_연두부_ (lovelyyeon)	강녕	시청자 626명	Just Chatting	2022-09-27 18:30:05.271456
세아스토리 (sea_vtuber)	눈 떠보니 임진왜란에 온 AI	시청자 621명	Games + Demos	2022-09-27 18:30:05.271456
정령왕 (ljh0328)	체스 그마 찍고 저녁밥 먹기	시청자 595명	Teamfight Tactics	2022-09-27 18:30:05.271456
단군 (1983kej)	하나카드 자낳대 발로란트 D-3 연습	시청자 579명	VALORANT	2022-09-27 18:30:05.271456
인섹_ (insec13)	대기열180만갓겜	시청자 577명	Teamfight Tactics	2022-09-27 18:30:05.271456
46번째에서 오류				 2022-09-27 18:30:05.271456
칸데르니아 (jmjdoc)	발키리 엘리시움	시청자 553명	Valkyrie Elysium	2022-09-27 18:30:05.271456
청묘 (i_am_bloooo)	유니온 하고싶어요	시청자 536명	MapleStory	2022-09-27 18:30:05.271456
49번째에서 오류				 2022-09-27 18:30:05.271456
설소영 (mobeom17)	다크악셀 없이 살기 4일차 (살만함)	시청자 506명	Lost Ark	2022-09-27 18:30:05.271456
우왁굳 (woowakgood)	축구왕 왁돌이	시청자 1.4만명	FIFA 23	2022-09-27 18:35:04.701225
비챤_ (viichan6)	6시) VRC 풀트뱅 ~!	시청자 8,883명	VRChat	2022-09-27 18:35:04.701225
침착맨 (zilioner)	침&펄 저녁식사 먹기 (구독후원음성X)	시청자 7,156명	Just Chatting	2022-09-27 18:35:04.701225
괴물쥐123 (tmxk319)	발낳대 전 스크림	시청자 6,811명	VALORANT	2022-09-27 18:35:04.701225
랄로 (aba4647)	와끼얏호우	시청자 6,631명	World of Warcraft	2022-09-27 18:35:04.701225
김도 (kimdoe)	서브노티카 빌로우제로	시청자 4,831명	Subnautica: Below Zero	2022-09-27 18:35:04.701225
홍방장 (game2eye)	홍 전파사 시청자 그래픽카드 보수작업 해주기	시청자 4,792명	Just Chatting	2022-09-27 18:35:04.701225
서새봄냥 (saddummy)	서새봄] 로크홀라섭) 리치왕의 분노 클래식 OPEN 같이 달려요~	시청자 4,623명	World of Warcraft	2022-09-27 18:35:04.701225
따효니 (ddahyoni)	C9 DDaHyoNi ㅅㅡ크림	시청자 4,009명	VALORANT	2022-09-27 18:35:04.701225
10번째에서 오류				 2022-09-27 18:35:04.701225
러너교 (runner0608)	발낳대 스크림	시청자 3,770명	Just Chatting	2022-09-27 18:35:04.701225
앰비션_ (lol_ambition)	24연승시 점수복구	시청자 2,956명	League of Legends	2022-09-27 18:35:04.701225
마왕루야_ (maoruya)	오늘 스크림에서는 새로운 캐릭터를 보여줄 예정!	시청자 2,547명	VALORANT	2022-09-27 18:35:04.701225
악어 (jdm2088)	6시 발로란트 강지팀 vs 망개팀 스크림 <잠을 자도 피곤하다>	시청자 2,311명	VALORANT	2022-09-27 18:35:04.701225
푸린_ (rngudwnswkd)	저녁6시 강지팀 VS 망개팀 스크림!	시청자 2,094명	Just Chatting	2022-09-27 18:35:04.701225
두니주니 (dunizuni)	ㅎㅇ	시청자 1,453명	Teamfight Tactics	2022-09-27 18:35:04.701225
스틸로 (steelohs)	카드깡 2차시기	시청자 1,353명	FIFA 23	2022-09-27 18:35:04.701225
명훈 (mlchoins)	[명훈] 라운드당 3명씩만 잡기 6시 스크림 발로란트	시청자 1,294명	VALORANT	2022-09-27 18:35:04.701225
너불 (nubulswamp)	빡	시청자 1,224명	VALORANT	2022-09-27 18:35:04.701225
강지 (rkdwl12)	6시 스크림	시청자 1,170명	VALORANT	2022-09-27 18:35:04.701225
히렌히 (hyren7)	리치킹	시청자 1,165명	World of Warcraft	2022-09-27 18:35:04.701225
박삐삐__ (smpk9604)	삐하~	시청자 1,153명	Just Chatting	2022-09-27 18:35:04.701225
김남봉 (kimnamsoon)	7시 스크림 vs 중력팀	시청자 1,133명	Just Chatting	2022-09-27 18:35:04.701225
똘똘똘이_ (jungtaejune)	즐거운 화요일	시청자 1,087명	Just Chatting	2022-09-27 18:35:04.701225
이초홍 (h920103)	@_@	시청자 998명	Just Chatting	2022-09-27 18:35:04.701225
크라니쉬 (kranichhs)	젠지 하스스톤 프로그램 !부트캠프 / 내일 나스리아 미니팩 출시	시청자 949명	Hearthstone	2022-09-27 18:35:04.701225
Rb0f	DRX Rb / 휴가	시청자 921명	VALORANT	2022-09-27 18:35:04.701225
28번째에서 오류				 2022-09-27 18:35:04.701225
29번째에서 오류				 2022-09-27 18:35:04.701225
30번째에서 오류				 2022-09-27 18:35:04.701225
찬우정 (jcw970)	(진심)챌린저 달리기 2일차	시청자 802명	League of Legends	2022-09-27 18:35:04.701225
설백_ (snow_hite)	[설백] 타짜 설백 !편집자	시청자 792명	Prominence Poker	2022-09-27 18:35:04.701225
배돈 (baedony)	리치왕의분노 태어나서 처음 합니다	시청자 726명	World of Warcraft	2022-09-27 18:35:04.701225
빅헤드 (bighead033)	대규모 노동 드가자	시청자 717명	Minecraft	2022-09-27 18:35:04.701225
캡틴잭 (hwkang2)	오르골 8개 모아서 스탯 50 받는 극한의 수직충	시청자 709명	Lost Ark	2022-09-27 18:35:04.701225
중력 (jungryeok)	중력팀 비방연습후 깨달음..	시청자 702명	Just Chatting	2022-09-27 18:35:04.701225
액시스마이콜 (sn400ja)	정글이 합류해야 하는게임은 진게임이다	시청자 696명	League of Legends	2022-09-27 18:35:04.701225
_연두부_ (lovelyyeon)	[광고] 인텔 하드코어 트레이닝! 수업 들으러 왔읍니다 ㅎㅎㅋ;	시청자 689명	Just Chatting	2022-09-27 18:35:04.701225
단군 (1983kej)	하나카드 자낳대 발로란트 D-3 연습	시청자 687명	VALORANT	2022-09-27 18:35:04.701225
철면수심 (109ace)	허준이 되어 사람 살리기	시청자 663명	Bio Inc. Redemption	2022-09-27 18:35:04.701225
아리스마나 (alicemana_v)	하이루	시청자 655명	Just Chatting	2022-09-27 18:35:04.701225
해기님 (he0901)	강지팀)스크림	시청자 630명	VALORANT	2022-09-27 18:35:04.701225
세아스토리 (sea_vtuber)	눈 떠보니 임진왜란에 온 AI	시청자 629명	Back To the Joseon	2022-09-27 18:35:04.701225
우사기인뎅 (ny991017)	ㅎㅎ	시청자 615명	Just Chatting	2022-09-27 18:35:04.701225
정령왕 (ljh0328)	체스 그마 찍고 저녁밥 먹기	시청자 597명	Teamfight Tactics	2022-09-27 18:35:04.701225
46번째에서 오류				 2022-09-27 18:35:04.701225
칸데르니아 (jmjdoc)	발키리 엘리시움	시청자 553명	Valkyrie Elysium	2022-09-27 18:35:04.701225
인섹_ (insec13)	대기열180만갓겜	시청자 543명	Teamfight Tactics	2022-09-27 18:35:04.701225
청묘 (i_am_bloooo)	유니온 하고싶어요	시청자 530명	MapleStory	2022-09-27 18:35:04.701225
설소영 (mobeom17)	다크악셀 없이 살기 4일차 (살만함)	시청자 517명	Lost Ark	2022-09-27 18:35:04.701225
우왁굳 (woowakgood)	축구왕 왁돌이	시청자 1.4만명	FIFA 23	2022-09-27 18:40:04.724961
비챤_ (viichan6)	6시) VRC 풀트뱅 ~!	시청자 9,147명	VRChat	2022-09-27 18:40:04.724961
침착맨 (zilioner)	침&펄 저녁식사 먹기 (구독후원음성X)	시청자 7,801명	Just Chatting	2022-09-27 18:40:04.724961
괴물쥐123 (tmxk319)	발낳대 전 스크림	시청자 7,397명	VALORANT	2022-09-27 18:40:04.724961
랄로 (aba4647)	와끼얏호우	시청자 6,490명	World of Warcraft	2022-09-27 18:40:04.724961
김도 (kimdoe)	서브노티카 빌로우제로	시청자 4,910명	Subnautica: Below Zero	2022-09-27 18:40:04.724961
홍방장 (game2eye)	홍 전파사 시청자 그래픽카드 보수작업 해주기	시청자 4,840명	Just Chatting	2022-09-27 18:40:04.724961
서새봄냥 (saddummy)	서새봄] 로크홀라섭) 리치왕의 분노 클래식 OPEN 같이 달려요~	시청자 4,522명	World of Warcraft	2022-09-27 18:40:04.724961
9번째에서 오류				 2022-09-27 18:40:04.724961
따효니 (ddahyoni)	C9 DDaHyoNi ㅅㅡ크림	시청자 3,956명	VALORANT	2022-09-27 18:40:04.724961
러너교 (runner0608)	발낳대 스크림	시청자 3,561명	Just Chatting	2022-09-27 18:40:04.724961
앰비션_ (lol_ambition)	24연승시 점수복구	시청자 2,915명	League of Legends	2022-09-27 18:40:04.724961
마왕루야_ (maoruya)	오늘 스크림에서는 새로운 캐릭터를 보여줄 예정!	시청자 2,547명	VALORANT	2022-09-27 18:40:04.724961
악어 (jdm2088)	6시 발로란트 강지팀 vs 망개팀 스크림 <잠을 자도 피곤하다>	시청자 2,378명	VALORANT	2022-09-27 18:40:04.724961
푸린_ (rngudwnswkd)	저녁6시 강지팀 VS 망개팀 스크림!	시청자 2,160명	Just Chatting	2022-09-27 18:40:04.724961
너불 (nubulswamp)	빡	시청자 1,521명	VALORANT	2022-09-27 18:40:04.724961
두니주니 (dunizuni)	ㅎㅇ	시청자 1,508명	Teamfight Tactics	2022-09-27 18:40:04.724961
스틸로 (steelohs)	카드깡 2차시기	시청자 1,353명	FIFA 23	2022-09-27 18:40:04.724961
명훈 (mlchoins)	[명훈] 라운드당 3명씩만 잡기 6시 스크림 발로란트	시청자 1,351명	VALORANT	2022-09-27 18:40:04.724961
김남봉 (kimnamsoon)	7시 스크림 vs 중력팀	시청자 1,285명	Just Chatting	2022-09-27 18:40:04.724961
강지 (rkdwl12)	6시 스크림	시청자 1,216명	VALORANT	2022-09-27 18:40:04.724961
똘똘똘이_ (jungtaejune)	즐거운 화요일	시청자 1,206명	Just Chatting	2022-09-27 18:40:04.724961
박삐삐__ (smpk9604)	삐하~	시청자 1,195명	Just Chatting	2022-09-27 18:40:04.724961
히렌히 (hyren7)	리치킹	시청자 1,165명	World of Warcraft	2022-09-27 18:40:04.724961
다주 (dda_ju)	다하^ㅁ^/	시청자 1,062명	Just Chatting	2022-09-27 18:40:04.724961
크라니쉬 (kranichhs)	젠지 하스스톤 프로그램 !부트캠프 / 내일 나스리아 미니팩 출시	시청자 974명	Hearthstone	2022-09-27 18:40:04.724961
Rb0f	DRX Rb / 휴가	시청자 921명	VALORANT	2022-09-27 18:40:04.724961
이초홍 (h920103)	@_@	시청자 916명	Just Chatting	2022-09-27 18:40:04.724961
29번째에서 오류				 2022-09-27 18:40:04.724961
30번째에서 오류				 2022-09-27 18:40:04.724961
찬우정 (jcw970)	(진심)챌린저 달리기 2일차	시청자 833명	League of Legends	2022-09-27 18:40:04.724961
단군 (1983kej)	하나카드 자낳대 발로란트 D-3 연습	시청자 832명	VALORANT	2022-09-27 18:40:04.724961
설백_ (snow_hite)	[설백] 타짜 설백 !편집자	시청자 803명	Prominence Poker	2022-09-27 18:40:04.724961
34번째에서 오류				 2022-09-27 18:40:04.724961
_연두부_ (lovelyyeon)	[광고] 인텔 하드코어 트레이닝! 수업 들으러 왔읍니다 ㅎㅎㅋ;	시청자 768명	Just Chatting	2022-09-27 18:40:04.724961
배돈 (baedony)	리치왕의분노 태어나서 처음 합니다	시청자 740명	World of Warcraft	2022-09-27 18:40:04.724961
액시스마이콜 (sn400ja)	정글이 합류해야 하는게임은 진게임이다	시청자 709명	League of Legends	2022-09-27 18:40:04.724961
빅헤드 (bighead033)	대규모 노동 드가자	시청자 703명	Minecraft	2022-09-27 18:40:04.724961
아리스마나 (alicemana_v)	하이루	시청자 686명	Just Chatting	2022-09-27 18:40:04.724961
철면수심 (109ace)	허준이 되어 사람 살리기	시청자 672명	Bio Inc. Redemption	2022-09-27 18:40:04.724961
캡틴잭 (hwkang2)	오르골 8개 모아서 스탯 50 받는 극한의 수직충	시청자 668명	Lost Ark	2022-09-27 18:40:04.724961
중력 (jungryeok)	중력팀 비방연습후 깨달음..	시청자 659명	Just Chatting	2022-09-27 18:40:04.724961
우사기인뎅 (ny991017)	ㅎㅎ	시청자 640명	Just Chatting	2022-09-27 18:40:04.724961
세아스토리 (sea_vtuber)	눈 떠보니 임진왜란에 온 AI	시청자 622명	Back To the Joseon	2022-09-27 18:40:04.724961
이춘향 (leechunhyang)	[이춘향] 6시 약속이였는데...	시청자 621명	Just Chatting	2022-09-27 18:40:04.724961
정령왕 (ljh0328)	체스 그마 찍고 저녁밥 먹기	시청자 612명	Teamfight Tactics	2022-09-27 18:40:04.724961
인섹_ (insec13)	대기열180만갓겜	시청자 564명	Teamfight Tactics	2022-09-27 18:40:04.724961
48번째에서 오류				 2022-09-27 18:40:04.724961
청묘 (i_am_bloooo)	유니온 하고싶어요	시청자 536명	MapleStory	2022-09-27 18:40:04.724961
해기님 (he0901)	강지팀)스크림	시청자 534명	VALORANT	2022-09-27 18:40:04.724961
우왁굳 (woowakgood)	축구왕 왁돌이	시청자 1.4만명	FIFA 23	2022-09-27 18:45:04.689508
비챤_ (viichan6)	6시) VRC 풀트뱅 ~!	시청자 9,147명	VRChat	2022-09-27 18:45:04.689508
침착맨 (zilioner)	침&펄 저녁식사 먹기 (구독후원음성X)	시청자 8,613명	Just Chatting	2022-09-27 18:45:04.689508
괴물쥐123 (tmxk319)	발낳대 전 스크림	시청자 7,985명	VALORANT	2022-09-27 18:45:04.689508
랄로 (aba4647)	와끼얏호우	시청자 6,595명	World of Warcraft	2022-09-27 18:45:04.689508
홍방장 (game2eye)	홍 전파사 시청자 그래픽카드 보수작업 해주기	시청자 5,094명	Just Chatting	2022-09-27 18:45:04.689508
김도 (kimdoe)	서브노티카 빌로우제로	시청자 4,910명	Subnautica: Below Zero	2022-09-27 18:45:04.689508
서새봄냥 (saddummy)	서새봄] 로크홀라섭) 리치왕의 분노 클래식 OPEN 같이 달려요~	시청자 4,465명	World of Warcraft	2022-09-27 18:45:04.689508
따효니 (ddahyoni)	C9 DDaHyoNi ㅅㅡ크림	시청자 4,377명	VALORANT	2022-09-27 18:45:04.689508
10번째에서 오류				 2022-09-27 18:45:04.689508
러너교 (runner0608)	발낳대 스크림	시청자 3,675명	Just Chatting	2022-09-27 18:45:04.689508
앰비션_ (lol_ambition)	24연승시 점수복구	시청자 3,086명	League of Legends	2022-09-27 18:45:04.689508
푸린_ (rngudwnswkd)	저녁6시 강지팀 VS 망개팀 스크림!	시청자 2,744명	Just Chatting	2022-09-27 18:45:04.689508
마왕루야_ (maoruya)	오늘 스크림에서는 새로운 캐릭터를 보여줄 예정!	시청자 2,434명	VALORANT	2022-09-27 18:45:04.689508
악어 (jdm2088)	6시 발로란트 강지팀 vs 망개팀 스크림 <잠을 자도 피곤하다>	시청자 2,276명	VALORANT	2022-09-27 18:45:04.689508
너불 (nubulswamp)	빡	시청자 1,754명	VALORANT	2022-09-27 18:45:04.689508
명훈 (mlchoins)	[명훈] 라운드당 3명씩만 잡기 6시 스크림 발로란트	시청자 1,748명	VALORANT	2022-09-27 18:45:04.689508
스틸로 (steelohs)	카드깡 2차시기	시청자 1,335명	FIFA 23	2022-09-27 18:45:04.689508
두니주니 (dunizuni)	ㅎㅇ	시청자 1,317명	Teamfight Tactics	2022-09-27 18:45:04.689508
똘똘똘이_ (jungtaejune)	즐거운 화요일	시청자 1,308명	Just Chatting	2022-09-27 18:45:04.689508
김남봉 (kimnamsoon)	7시 스크림 vs 중력팀	시청자 1,285명	Just Chatting	2022-09-27 18:45:04.689508
다주 (dda_ju)	다하^ㅁ^/	시청자 1,283명	Just Chatting	2022-09-27 18:45:04.689508
강지 (rkdwl12)	6시 스크림	시청자 1,248명	VALORANT	2022-09-27 18:45:04.689508
박삐삐__ (smpk9604)	삐하~	시청자 1,195명	Just Chatting	2022-09-27 18:45:04.689508
히렌히 (hyren7)	리치킹	시청자 1,174명	World of Warcraft	2022-09-27 18:45:04.689508
크라니쉬 (kranichhs)	젠지 하스스톤 프로그램 !부트캠프 / 내일 나스리아 미니팩 출시	시청자 960명	Hearthstone	2022-09-27 18:45:04.689508
이초홍 (h920103)	@_@	시청자 957명	Just Chatting	2022-09-27 18:45:04.689508
Rb0f	DRX Rb / 휴가	시청자 932명	VALORANT	2022-09-27 18:45:04.689508
이춘향 (leechunhyang)	[이춘향] 6시 약속이였는데...	시청자 922명	Just Chatting	2022-09-27 18:45:04.689508
30번째에서 오류				 2022-09-27 18:45:04.689508
31번째에서 오류				 2022-09-27 18:45:04.689508
찬우정 (jcw970)	(진심)챌린저 달리기 2일차	시청자 811명	League of Legends	2022-09-27 18:45:04.689508
_연두부_ (lovelyyeon)	[광고] 인텔 하드코어 트레이닝! 수업 들으러 왔읍니다 ㅎㅎㅋ;	시청자 802명	Just Chatting	2022-09-27 18:45:04.689508
단군 (1983kej)	하나카드 자낳대 발로란트 D-3 연습	시청자 733명	VALORANT	2022-09-27 18:45:04.689508
설백_ (snow_hite)	[설백] 타짜 설백 !편집자	시청자 769명	Prominence Poker	2022-09-27 18:45:04.689508
배돈 (baedony)	리치왕의분노 태어나서 처음 합니다	시청자 757명	World of Warcraft	2022-09-27 18:45:04.689508
37번째에서 오류				 2022-09-27 18:45:04.689508
빅헤드 (bighead033)	대규모 노동 드가자	시청자 705명	Minecraft	2022-09-27 18:45:04.689508
해기님 (he0901)	강지팀)스크림	시청자 694명	VALORANT	2022-09-27 18:45:04.689508
액시스마이콜 (sn400ja)	정글이 합류해야 하는게임은 진게임이다	시청자 693명	League of Legends	2022-09-27 18:45:04.689508
캡틴잭 (hwkang2)	오르골 8개 모아서 스탯 50 받는 극한의 수직충	시청자 690명	Lost Ark	2022-09-27 18:45:04.689508
정령왕 (ljh0328)	체스 그마 찍고 저녁밥 먹기	시청자 663명	Teamfight Tactics	2022-09-27 18:45:04.689508
철면수심 (109ace)	허준이 되어 사람 살리기	시청자 657명	Bio Inc. Redemption	2022-09-27 18:45:04.689508
아리스마나 (alicemana_v)	하이루	시청자 653명	Just Chatting	2022-09-27 18:45:04.689508
중력 (jungryeok)	중력팀 비방연습후 깨달음..	시청자 639명	Just Chatting	2022-09-27 18:45:04.689508
세아스토리 (sea_vtuber)	눈 떠보니 임진왜란에 온 AI	시청자 633명	Back To the Joseon	2022-09-27 18:45:04.689508
우사기인뎅 (ny991017)	ㅎㅎ	시청자 617명	Just Chatting	2022-09-27 18:45:04.689508
48번째에서 오류				 2022-09-27 18:45:04.689508
49번째에서 오류				 2022-09-27 18:45:04.689508
인섹_ (insec13)	대기열180만갓겜	시청자 575명	Teamfight Tactics	2022-09-27 18:45:04.689508
우왁굳 (woowakgood)	축구왕 왁돌이	시청자 1.4만명	FIFA 23	2022-09-27 18:50:05.309969
비챤_ (viichan6)	6시) VRC 풀트뱅 ~!	시청자 9,244명	VRChat	2022-09-27 18:50:05.309969
침착맨 (zilioner)	침&펄 저녁식사 먹기 (구독후원음성X)	시청자 9,002명	Just Chatting	2022-09-27 18:50:05.309969
괴물쥐123 (tmxk319)	발낳대 전 스크림	시청자 7,790명	VALORANT	2022-09-27 18:50:05.309969
랄로 (aba4647)	와끼얏호우	시청자 6,482명	World of Warcraft	2022-09-27 18:50:05.309969
홍방장 (game2eye)	홍 전파사 시청자 그래픽카드 보수작업 해주기	시청자 5,029명	Just Chatting	2022-09-27 18:50:05.309969
김도 (kimdoe)	서브노티카 빌로우제로	시청자 4,910명	Subnautica: Below Zero	2022-09-27 18:50:05.309969
서새봄냥 (saddummy)	서새봄] 로크홀라섭) 리치왕의 분노 클래식 OPEN 같이 달려요~	시청자 4,398명	World of Warcraft	2022-09-27 18:50:05.309969
따효니 (ddahyoni)	C9 DDaHyoNi ㅅㅡ크림	시청자 4,094명	VALORANT	2022-09-27 18:50:05.309969
10번째에서 오류				 2022-09-27 18:50:05.309969
러너교 (runner0608)	발낳대 스크림	시청자 3,267명	Just Chatting	2022-09-27 18:50:05.309969
앰비션_ (lol_ambition)	24연승시 점수복구	시청자 3,128명	League of Legends	2022-09-27 18:50:05.309969
푸린_ (rngudwnswkd)	저녁6시 강지팀 VS 망개팀 스크림!	시청자 2,536명	Just Chatting	2022-09-27 18:50:05.309969
마왕루야_ (maoruya)	오늘 스크림에서는 새로운 캐릭터를 보여줄 예정!	시청자 2,291명	VALORANT	2022-09-27 18:50:05.309969
악어 (jdm2088)	6시 발로란트 강지팀 vs 망개팀 스크림 <잠을 자도 피곤하다>	시청자 2,226명	VALORANT	2022-09-27 18:50:05.309969
너불 (nubulswamp)	빡	시청자 1,821명	VALORANT	2022-09-27 18:50:05.309969
명훈 (mlchoins)	[명훈] 라운드당 3명씩만 잡기 6시 스크림 발로란트	시청자 1,577명	VALORANT	2022-09-27 18:50:05.309969
똘똘똘이_ (jungtaejune)	즐거운 화요일	시청자 1,493명	Just Chatting	2022-09-27 18:50:05.309969
다주 (dda_ju)	다하^ㅁ^/	시청자 1,410명	Just Chatting	2022-09-27 18:50:05.309969
스틸로 (steelohs)	카드깡 2차시기	시청자 1,306명	FIFA 23	2022-09-27 18:50:05.309969
두니주니 (dunizuni)	ㅎㅇ	시청자 1,300명	Teamfight Tactics	2022-09-27 18:50:05.309969
강지 (rkdwl12)	6시 스크림	시청자 1,231명	VALORANT	2022-09-27 18:50:05.309969
박삐삐__ (smpk9604)	삐하~	시청자 1,216명	Just Chatting	2022-09-27 18:50:05.309969
이춘향 (leechunhyang)	[이춘향] 6시 약속이였는데...	시청자 1,196명	Just Chatting	2022-09-27 18:50:05.309969
김남봉 (kimnamsoon)	7시 스크림 vs 중력팀	시청자 1,126명	Just Chatting	2022-09-27 18:50:05.309969
히렌히 (hyren7)	리치킹	시청자 1,120명	World of Warcraft	2022-09-27 18:50:05.309969
Rb0f	DRX Rb / 휴가	시청자 973명	VALORANT	2022-09-27 18:50:05.309969
크라니쉬 (kranichhs)	젠지 하스스톤 프로그램 !부트캠프 / 내일 나스리아 미니팩 출시	시청자 960명	Hearthstone	2022-09-27 18:50:05.309969
이초홍 (h920103)	@_@	시청자 855명	Just Chatting	2022-09-27 18:50:05.309969
30번째에서 오류				 2022-09-27 18:50:05.309969
_연두부_ (lovelyyeon)	[광고] 인텔 하드코어 트레이닝! 수업 들으러 왔읍니다 ㅎㅎㅋ;	시청자 822명	Just Chatting	2022-09-27 18:50:05.309969
32번째에서 오류				 2022-09-27 18:50:05.309969
설백_ (snow_hite)	[설백] 타짜 설백 !편집자	시청자 782명	Prominence Poker	2022-09-27 18:50:05.309969
배돈 (baedony)	리치왕의분노 태어나서 처음 합니다	시청자 748명	World of Warcraft	2022-09-27 18:50:05.309969
찬우정 (jcw970)	(진심)챌린저 달리기 2일차	시청자 747명	League of Legends	2022-09-27 18:50:05.309969
캡틴잭 (hwkang2)	오르골 8개 모아서 스탯 50 받는 극한의 수직충	시청자 717명	Lost Ark	2022-09-27 18:50:05.309969
빅헤드 (bighead033)	대규모 노동 드가자	시청자 705명	Minecraft	2022-09-27 18:50:05.309969
액시스마이콜 (sn400ja)	정글이 합류해야 하는게임은 진게임이다	시청자 704명	League of Legends	2022-09-27 18:50:05.309969
아리스마나 (alicemana_v)	하이루	시청자 697명	Just Chatting	2022-09-27 18:50:05.309969
정령왕 (ljh0328)	체스 그마 찍고 저녁밥 먹기	시청자 693명	Teamfight Tactics	2022-09-27 18:50:05.309969
41번째에서 오류				 2022-09-27 18:50:05.309969
우사기인뎅 (ny991017)	ㅎㅎ	시청자 657명	Just Chatting	2022-09-27 18:50:05.309969
철면수심 (109ace)	허준이 되어 사람 살리기	시청자 642명	Bio Inc. Redemption	2022-09-27 18:50:05.309969
44번째에서 오류				 2022-09-27 18:50:05.309969
단군 (1983kej)	하나카드 자낳대 발로란트 D-3 연습	시청자 772명	VALORANT	2022-09-27 18:50:05.309969
해기님 (he0901)	강지팀)스크림	시청자 621명	VALORANT	2022-09-27 18:50:05.309969
세아스토리 (sea_vtuber)	눈 떠보니 임진왜란에 온 AI	시청자 624명	Back To the Joseon	2022-09-27 18:50:05.309969
중력 (jungryeok)	중력팀 비방연습후 깨달음..	시청자 602명	Just Chatting	2022-09-27 18:50:05.309969
49번째에서 오류				 2022-09-27 18:50:05.309969
인섹_ (insec13)	대기열180만갓겜	시청자 591명	Teamfight Tactics	2022-09-27 18:50:05.309969
우왁굳 (woowakgood)	축구왕 왁돌이	시청자 1.4만명	FIFA 23	2022-09-27 18:55:04.652533
침착맨 (zilioner)	침&펄 저녁식사 먹기 (구독후원음성X)	시청자 9,500명	Just Chatting	2022-09-27 18:55:04.652533
비챤_ (viichan6)	6시) VRC 풀트뱅 ~!	시청자 9,365명	VRChat	2022-09-27 18:55:04.652533
괴물쥐123 (tmxk319)	발낳대 전 스크림	시청자 7,693명	VALORANT	2022-09-27 18:55:04.652533
랄로 (aba4647)	와끼얏호우	시청자 6,482명	World of Warcraft	2022-09-27 18:55:04.652533
한동숙 (handongsuk)	발낳대 스크림	시청자 6,067명	VALORANT	2022-09-27 18:55:04.652533
홍방장 (game2eye)	홍 전파사 시청자 그래픽카드 보수작업 해주기	시청자 5,159명	Just Chatting	2022-09-27 18:55:04.652533
김도 (kimdoe)	서브노티카 빌로우제로	시청자 4,965명	Subnautica: Below Zero	2022-09-27 18:55:04.652533
서새봄냥 (saddummy)	서새봄] 로크홀라섭) 리치왕의 분노 클래식 OPEN 같이 달려요~	시청자 4,398명	World of Warcraft	2022-09-27 18:55:04.652533
따효니 (ddahyoni)	C9 DDaHyoNi ㅅㅡ크림	시청자 4,214명	VALORANT	2022-09-27 18:55:04.652533
11번째에서 오류				 2022-09-27 18:55:04.652533
러너교 (runner0608)	발낳대 스크림	시청자 2,779명	Just Chatting	2022-09-27 18:55:04.652533
푸린_ (rngudwnswkd)	저녁6시 강지팀 VS 망개팀 스크림!	시청자 2,416명	Just Chatting	2022-09-27 18:55:04.652533
악어 (jdm2088)	6시 발로란트 강지팀 vs 망개팀 스크림 <잠을 자도 피곤하다>	시청자 2,302명	VALORANT	2022-09-27 18:55:04.652533
마왕루야_ (maoruya)	오늘 스크림에서는 새로운 캐릭터를 보여줄 예정!	시청자 2,166명	VALORANT	2022-09-27 18:55:04.652533
너불 (nubulswamp)	빡	시청자 2,031명	VALORANT	2022-09-27 18:55:04.652533
명훈 (mlchoins)	[명훈] 라운드당 3명씩만 잡기 6시 스크림 발로란트	시청자 1,600명	VALORANT	2022-09-27 18:55:04.652533
다주 (dda_ju)	다하^ㅁ^/	시청자 1,520명	Just Chatting	2022-09-27 18:55:04.652533
똘똘똘이_ (jungtaejune)	즐거운 화요일	시청자 1,493명	Just Chatting	2022-09-27 18:55:04.652533
두니주니 (dunizuni)	ㅎㅇ	시청자 1,389명	Teamfight Tactics	2022-09-27 18:55:04.652533
스틸로 (steelohs)	카드깡 2차시기	시청자 1,327명	FIFA 23	2022-09-27 18:55:04.652533
이춘향 (leechunhyang)	[이춘향] 6시 약속이였는데...	시청자 1,265명	Just Chatting	2022-09-27 18:55:04.652533
강지 (rkdwl12)	6시 스크림	시청자 1,211명	VALORANT	2022-09-27 18:55:04.652533
삼식 (inecr7024)	연습	시청자 979명	VALORANT	2022-09-27 18:55:04.652533
박삐삐__ (smpk9604)	삐하~	시청자 1,191명	Just Chatting	2022-09-27 18:55:04.652533
히렌히 (hyren7)	리치킹	시청자 1,092명	World of Warcraft	2022-09-27 18:55:04.652533
크라니쉬 (kranichhs)	젠지 하스스톤 프로그램 !부트캠프 / 내일 나스리아 미니팩 출시	시청자 1,019명	Hearthstone	2022-09-27 18:55:04.652533
Rb0f	DRX Rb / 휴가	시청자 888명	VALORANT	2022-09-27 18:55:04.652533
_연두부_ (lovelyyeon)	[광고] 인텔 하드코어 트레이닝! 수업 들으러 왔읍니다 ㅎㅎㅋ;	시청자 831명	Just Chatting	2022-09-27 18:55:04.652533
30번째에서 오류				 2022-09-27 18:55:04.652533
31번째에서 오류				 2022-09-27 18:55:04.652533
설백_ (snow_hite)	[설백] 타짜 설백 !편집자	시청자 797명	Prominence Poker	2022-09-27 18:55:04.652533
이초홍 (h920103)	@_@	시청자 792명	Just Chatting	2022-09-27 18:55:04.652533
찬우정 (jcw970)	(진심)챌린저 달리기 2일차	시청자 785명	League of Legends	2022-09-27 18:55:04.652533
배돈 (baedony)	리치왕의분노 태어나서 처음 합니다	시청자 764명	World of Warcraft	2022-09-27 18:55:04.652533
36번째에서 오류				 2022-09-27 18:55:04.652533
캡틴잭 (hwkang2)	오르골 8개 모아서 스탯 50 받는 극한의 수직충	시청자 745명	Lost Ark	2022-09-27 18:55:04.652533
액시스마이콜 (sn400ja)	정글이 합류해야 하는게임은 진게임이다	시청자 740명	League of Legends	2022-09-27 18:55:04.652533
아리스마나 (alicemana_v)	하이루	시청자 730명	Just Chatting	2022-09-27 18:55:04.652533
빅헤드 (bighead033)	대규모 노동 드가자	시청자 726명	Minecraft	2022-09-27 18:55:04.652533
41번째에서 오류				 2022-09-27 18:55:04.652533
정령왕 (ljh0328)	체스 그마 찍고 저녁밥 먹기	시청자 701명	Teamfight Tactics	2022-09-27 18:55:04.652533
우사기인뎅 (ny991017)	ㅎㅎ	시청자 701명	Just Chatting	2022-09-27 18:55:04.652533
김남봉 (kimnamsoon)	7시 스크림 vs 중력팀	시청자 653명	VALORANT	2022-09-27 18:55:04.652533
세아스토리 (sea_vtuber)	눈 떠보니 임진왜란에 온 AI	시청자 615명	Back To the Joseon	2022-09-27 18:55:04.652533
철면수심 (109ace)	허준이 되어 사람 살리기	시청자 626명	Bio Inc. Redemption	2022-09-27 18:55:04.652533
47번째에서 오류				 2022-09-27 18:55:04.652533
인섹_ (insec13)	대기열180만갓겜	시청자 628명	Teamfight Tactics	2022-09-27 18:55:04.652533
청묘 (i_am_bloooo)	유니온 하고싶어요	시청자 583명	MapleStory	2022-09-27 18:55:04.652533
해기님 (he0901)	강지팀)스크림	시청자 549명	VALORANT	2022-09-27 18:55:04.652533
