ìš°ì™êµ³ (woowakgood)	ì¶•êµ¬ì™• ì™ëŒì´	ì‹œì²­ì 1.3ë§Œëª…	FIFA 23	2022-09-27 18:22:30.669431
ë¹„ì±¤_ (viichan6)	6ì‹œ) VRC í’€íŠ¸ë±… ~!	ì‹œì²­ì 8,582ëª…	VRChat	2022-09-27 18:22:30.669431
ë„ë¡œ (aba4647)	ì™€ë¼ì–í˜¸ìš°	ì‹œì²­ì 7,065ëª…	World of Warcraft	2022-09-27 18:22:30.669431
ëŸ¬ë„ˆêµ (runner0608)	ì•ˆë…•í•˜ì„¸ìš”	ì‹œì²­ì 5,108ëª…	Just Chatting	2022-09-27 18:22:30.669431
ê¹€ë„ (kimdoe)	ì„œë¸Œë…¸í‹°ì¹´ ë¹Œë¡œìš°ì œë¡œ	ì‹œì²­ì 5,016ëª…	Subnautica: Below Zero	2022-09-27 18:22:30.669431
ê´´ë¬¼ì¥123 (tmxk319)	ë°œë‚³ëŒ€ ì „ ìŠ¤í¬ë¦¼	ì‹œì²­ì 4,766ëª…	VALORANT	2022-09-27 18:22:30.669431
ì„œìƒˆë´„ëƒ¥ (saddummy)	ì„œìƒˆë´„] ë¡œí¬í™€ë¼ì„­) ë¦¬ì¹˜ì™•ì˜ ë¶„ë…¸ í´ë˜ì‹ OPEN ê°™ì´ ë‹¬ë ¤ìš”~	ì‹œì²­ì 4,539ëª…	World of Warcraft	2022-09-27 18:22:30.669431
í™ë°©ì¥ (game2eye)	í™ ì „íŒŒì‚¬ ì‹œì²­ì ê·¸ë˜í”½ì¹´ë“œ ë³´ìˆ˜ì‘ì—… í•´ì£¼ê¸°	ì‹œì²­ì 4,457ëª…	Just Chatting	2022-09-27 18:22:30.669431
ë”°íš¨ë‹ˆ (ddahyoni)	C9 DDaHyoNi ã……ã…¡í¬ë¦¼	ì‹œì²­ì 3,795ëª…	VALORANT	2022-09-27 18:22:30.669431
ì¹¨ì°©ë§¨ (zilioner)	ì¹¨&í„ ì €ë…ì‹ì‚¬ ë¨¹ê¸° (êµ¬ë…í›„ì›ìŒì„±X)	ì‹œì²­ì 3,592ëª…	Just Chatting	2022-09-27 18:22:30.669431
íƒ¬íƒ¬ë²„ë¦° (2chamcham2)	Ë—Ë‹Ëì˜¤ëŠ˜ì€,,,,ê¼­ 1ì¸ë¶„ì„ í•˜ì,,,ËËŠË—  Ù©(â—'â–¿'â—)Û¶ *	ì‹œì²­ì 3,402ëª…	VALORANT	2022-09-27 18:22:30.669431
ì•°ë¹„ì…˜_ (lol_ambition)	24ì—°ìŠ¹ì‹œ ì ìˆ˜ë³µêµ¬	ì‹œì²­ì 2,767ëª…	League of Legends	2022-09-27 18:22:30.669431
ì•…ì–´ (jdm2088)	6ì‹œ ë°œë¡œë€íŠ¸ ê°•ì§€íŒ€ vs ë§ê°œíŒ€ ìŠ¤í¬ë¦¼ <ì ì„ ìë„ í”¼ê³¤í•˜ë‹¤>	ì‹œì²­ì 2,306ëª…	VALORANT	2022-09-27 18:22:30.669431
ë§ˆì™•ë£¨ì•¼_ (maoruya)	ì˜¤ëŠ˜ ìŠ¤í¬ë¦¼ì—ì„œëŠ” ìƒˆë¡œìš´ ìºë¦­í„°ë¥¼ ë³´ì—¬ì¤„ ì˜ˆì •!	ì‹œì²­ì 2,065ëª…	VALORANT	2022-09-27 18:22:30.669431
í‘¸ë¦°_ (rngudwnswkd)	ì €ë…6ì‹œ ê°•ì§€íŒ€ VS ë§ê°œíŒ€ ìŠ¤í¬ë¦¼!	ì‹œì²­ì 1,688ëª…	Just Chatting	2022-09-27 18:22:30.669431
ë‘ë‹ˆì£¼ë‹ˆ (dunizuni)	ã…ã…‡	ì‹œì²­ì 1,382ëª…	Teamfight Tactics	2022-09-27 18:22:30.669431
ìŠ¤í‹¸ë¡œ (steelohs)	ì¹´ë“œê¹¡ 2ì°¨ì‹œê¸°	ì‹œì²­ì 1,313ëª…	FIFA 23	2022-09-27 18:22:30.669431
ë°•ì‚ì‚__ (smpk9604)	ì‚í•˜~	ì‹œì²­ì 1,288ëª…	Just Chatting	2022-09-27 18:22:30.669431
íˆë Œíˆ (hyren7)	ë¦¬ì¹˜í‚¹	ì‹œì²­ì 1,148ëª…	World of Warcraft	2022-09-27 18:22:30.669431
ì´ì´ˆí™ (h920103)	@_@	ì‹œì²­ì 1,021ëª…	Just Chatting	2022-09-27 18:22:30.669431
ê¹€ë‚¨ë´‰ (kimnamsoon)	7ì‹œ ìŠ¤í¬ë¦¼ vs ì¤‘ë ¥íŒ€	ì‹œì²­ì 1,017ëª…	Just Chatting	2022-09-27 18:22:30.669431
ëª…í›ˆ (mlchoins)	[ëª…í›ˆ] ë¼ìš´ë“œë‹¹ 3ëª…ì”©ë§Œ ì¡ê¸° 6ì‹œ ìŠ¤í¬ë¦¼ ë°œë¡œë€íŠ¸	ì‹œì²­ì 955ëª…	VALORANT	2022-09-27 18:22:30.669431
í¬ë¼ë‹ˆì‰¬ (kranichhs)	ì  ì§€ í•˜ìŠ¤ìŠ¤í†¤ í”„ë¡œê·¸ë¨ !ë¶€íŠ¸ìº í”„ / ë‚´ì¼ ë‚˜ìŠ¤ë¦¬ì•„ ë¯¸ë‹ˆíŒ© ì¶œì‹œ	ì‹œì²­ì 949ëª…	Hearthstone	2022-09-27 18:22:30.669431
ì¤‘ë ¥ (jungryeok)	ì¤‘ë ¥íŒ€ ë¹„ë°©ì—°ìŠµí›„ ê¹¨ë‹¬ìŒ..	ì‹œì²­ì 945ëª…	Just Chatting	2022-09-27 18:22:30.669431
Rb0f	DRX Rb / íœ´ê°€	ì‹œì²­ì 925ëª…	VALORANT	2022-09-27 18:22:30.669431
ìœ¤ê°œêµ´ì´ (yoon_froggy)	ë‚œ ck ì–¸ë” ğŸ’ ë¦¬ì•¡ì…˜ new songs!  ğŸ’¥	ì‹œì²­ì 922ëª…	Just Chatting	2022-09-27 18:22:30.669431
27ë²ˆì§¸ì—ì„œ ì˜¤ë¥˜				 2022-09-27 18:22:30.669431
ë§ê°œ__ (mmange2)	ì¡¸ã„¹  ã…•  Ê• à¹‘ â€¢Ì€á´—-Ê” âœ§	ì‹œì²­ì 868ëª…	VALORANT	2022-09-27 18:22:30.669431
ê°•ì§€ (rkdwl12)	6ì‹œ ìŠ¤í¬ë¦¼	ì‹œì²­ì 868ëª…	VALORANT	2022-09-27 18:22:30.669431
ì„¤ë°±_ (snow_hite)	[ì„¤ë°±] íƒ€ì§œ ì„¤ë°± !í¸ì§‘ì	ì‹œì²­ì 835ëª…	Prominence Poker	2022-09-27 18:22:30.669431
ì² ë©´ìˆ˜ì‹¬ (109ace)	í—ˆì¤€ì´ ë˜ì–´ ì‚¬ëŒ ì‚´ë¦¬ê¸°	ì‹œì²­ì 758ëª…	Bio Inc. Redemption	2022-09-27 18:22:30.669431
ë°°ëˆ (baedony)	ë¦¬ì¹˜ì™•ì˜ë¶„ë…¸ íƒœì–´ë‚˜ì„œ ì²˜ìŒ í•©ë‹ˆë‹¤	ì‹œì²­ì 730ëª…	World of Warcraft	2022-09-27 18:22:30.669431
ì°¬ìš°ì • (jcw970)	(ì§„ì‹¬)ì±Œë¦°ì € ë‹¬ë¦¬ê¸° 2ì¼ì°¨	ì‹œì²­ì 718ëª…	League of Legends	2022-09-27 18:22:30.669431
ì•¡ì‹œìŠ¤ë§ˆì´ì½œ (sn400ja)	ì •ê¸€ì´ í•©ë¥˜í•´ì•¼ í•˜ëŠ”ê²Œì„ì€ ì§„ê²Œì„ì´ë‹¤	ì‹œì²­ì 690ëª…	League of Legends	2022-09-27 18:22:30.669431
ì¸ì„¹_ (insec13)	ëŒ€ê¸°ì—´180ë§Œê°“ê²œ	ì‹œì²­ì 678ëª…	League of Legends	2022-09-27 18:22:30.669431
ìº¡í‹´ì­ (hwkang2)	ì˜¤ë¥´ê³¨ 8ê°œ ëª¨ì•„ì„œ ìŠ¤íƒ¯ 50 ë°›ëŠ” ê·¹í•œì˜ ìˆ˜ì§ì¶©	ì‹œì²­ì 673ëª…	Lost Ark	2022-09-27 18:22:30.669431
ì•„ë¦¬ìŠ¤ë§ˆë‚˜ (alicemana_v)	í•˜ì´ë£¨	ì‹œì²­ì 662ëª…	Just Chatting	2022-09-27 18:22:30.669431
ìš°ì‚¬ê¸°ì¸ë… (ny991017)	ã…ã…	ì‹œì²­ì 649ëª…	Just Chatting	2022-09-27 18:22:30.669431
ë¹…í—¤ë“œ (bighead033)	ëŒ€ê·œëª¨ ë…¸ë™ ë“œê°€ì	ì‹œì²­ì 624ëª…	Minecraft	2022-09-27 18:22:30.669431
ì„¸ì•„ìŠ¤í† ë¦¬ (sea_vtuber)	ëˆˆ ë– ë³´ë‹ˆ ì„ì§„ì™œë€ì— ì˜¨ AI	ì‹œì²­ì 617ëª…	Games + Demos	2022-09-27 18:22:30.669431
ìœ ì¹˜__ (youchi0_0)	ìµœê·¼ ê³ ìš©í•œ ë©”ì´ë“œê°€ ìˆ˜ìƒí•˜ë‹¤ğŸ–¤	ì‹œì²­ì 582ëª…	Just Chatting	2022-09-27 18:22:30.669431
ì¹¸ë°ë¥´ë‹ˆì•„ (jmjdoc)	ë°œí‚¤ë¦¬ ì—˜ë¦¬ì‹œì›€	ì‹œì²­ì 556ëª…	Valkyrie Elysium	2022-09-27 18:22:30.669431
_ì—°ë‘ë¶€_ (lovelyyeon)	ê°•ë…•	ì‹œì²­ì 546ëª…	Just Chatting	2022-09-27 18:22:30.669431
ì •ë ¹ì™• (ljh0328)	ì²´ìŠ¤ ê·¸ë§ˆ ì°ê³  ì €ë…ë°¥ ë¨¹ê¸°	ì‹œì²­ì 542ëª…	Teamfight Tactics	2022-09-27 18:22:30.669431
ë‹¨êµ° (1983kej)	í•˜ë‚˜ì¹´ë“œ ìë‚³ëŒ€ ë°œë¡œë€íŠ¸ D-3 ì—°ìŠµ	ì‹œì²­ì 519ëª…	VALORANT	2022-09-27 18:22:30.669431
ì²­ë¬˜ (i_am_bloooo)	ìœ ë‹ˆì˜¨ í•˜ê³ ì‹¶ì–´ìš”	ì‹œì²­ì 503ëª…	MapleStory	2022-09-27 18:22:30.669431
ê³µì„¤ (135seol)	ğŸˆ ì´ë²ˆ í•´í‚¹ì‚¬ê±´ ì§„ì§œ ë„ˆë¬´ ë¬´ì„­ë„¤ìš© ã… ã… 	ì‹œì²­ì 499ëª…	Lost Ark	2022-09-27 18:22:30.669431
ë§ˆë ˆ_í”Œë¡œìŠ¤ (mareflos_kr)	251ì‹œê°„ í”Œë ˆì´í•œ ê·¸ ê²Œì„: ì¹ í‘ì— ë„ì „í•©ë‹ˆë‹¤ğŸ²âœ¨	ì‹œì²­ì 493ëª…	Darkest Dungeon	2022-09-27 18:22:30.669431
ì„¤ì†Œì˜ (mobeom17)	ë‹¤í¬ì•…ì…€ ì—†ì´ ì‚´ê¸° 4ì¼ì°¨ (ì‚´ë§Œí•¨)	ì‹œì²­ì 483ëª…	Lost Ark	2022-09-27 18:22:30.669431
ato1004fd	D	ì‹œì²­ì 473ëª…	ì•„íŠ¸	2022-09-27 18:22:30.669431
ìŒë²  (pacific8815)	ì¤‘ì„¸ì‹œëŒ€ íƒ€ë¥´ì½”í”„ ì¤‘ì„¸ì˜ì™•ì´ë˜ì–´ë³´ì	ì‹œì²­ì 5,201ëª…	Dark and Darker	2022-09-28 17:58:15.493409
ë”°íš¨ë‹ˆ (ddahyoni)	C9 DDaHyoNi ã……ã…¡í¬ë¦¼	ì‹œì²­ì 4,680ëª…	VALORANT	2022-09-28 17:58:15.493409
ì•°ë¹„ì…˜_ (lol_ambition)	ë§ˆë”±í€ì¹˜	ì‹œì²­ì 3,595ëª…	League of Legends	2022-09-28 17:58:15.493409
ë˜˜ë˜˜ë˜˜ì´_ (jungtaejune)	ìœˆë„ìš° 11 ì—…ë°ì´íŠ¸ í•œë§ˆë‹¹	ì‹œì²­ì 2,767ëª…	Just Chatting	2022-09-28 17:58:15.493409
ë¥˜ì œí™_ (wpghd321)	ë°œë‚³ëŒ€ ì¤€ë¹„	ì‹œì²­ì 2,472ëª…	VALORANT	2022-09-28 17:58:15.493409
ì´ë‹¤2 (airshowerse)	ë°˜ê°‘ìŠµë‹ˆë‹¤	ì‹œì²­ì 2,064ëª…	Lost Ark	2022-09-28 17:58:15.493409
ë§ê°œ__ (mmange2)	6ì‹œ ìŠ¤í¬ë¦¼ Ê• à¹‘ â€¢Ì€á´—-Ê” âœ§	ì‹œì²­ì 1,860ëª…	VALORANT	2022-09-28 17:58:15.493409
ì²œì–‘ (chunyangkr)	[V] ìŠµê´€ì„± ë±…ì˜¨	ì‹œì²­ì 1,809ëª…	Just Chatting	2022-09-28 17:58:15.493409
í—¤ì§• (hejin0_0)	ì‚¬ì´ë…¸!ì‚¬ì´ë…¸!ì‚¬ì´ë…¸!ì‚¬ì´ë…¸!ì‚¬ì´ë…¸!ì‚¬ì´ë…¸!	ì‹œì²­ì 1,661ëª…	Genshin Impact	2022-09-28 17:58:15.493409
ë°•ì‚ì‚__ (smpk9604)	í™ëŒ€ë°ì´íŠ¸- ì ì‹¬!	ì‹œì²­ì 1,547ëª…	Just Chatting	2022-09-28 17:58:15.493409
í¬ì…” (portialyn)	-ë¡œ-	ì‹œì²­ì 1,520ëª…	Lost Ark	2022-09-28 17:58:15.493409
í•´ë‚˜ (haena_0714)	ê°“í•€íŒ¬ì¸ 	ì‹œì²­ì 1,459ëª…	Just Chatting	2022-09-28 17:58:15.493409
ì² ë©´ìˆ˜ì‹¬ (109ace)	í•˜ìŠ¤ìŠ¤í†¤ ë¯¸ë‹ˆí™•ì¥íŒ© ë‘˜ëŸ¬ë³´ê¸° - íˆ¬ê¸°ì¥ ìƒˆë¡œìš´ ë¡œí…Œì´ì…˜ 12ìŠ¹	ì‹œì²­ì 1,359ëª…	Hearthstone	2022-09-28 17:58:15.493409
ë‹¨êµ° (1983kej)	í•˜ë‚˜ì¹´ë“œ ìë‚³ëŒ€ ë°œë¡œë€íŠ¸ D-2 ì—°ìŠµ	ì‹œì²­ì 1,280ëª…	VALORANT	2022-09-28 17:58:15.493409
ê¹€ë‚¨ë´‰ (kimnamsoon)	6ì‹œ ìŠ¤í¬ë¦¼ vs ë§ê°œíŒ€	ì‹œì²­ì 1,269ëª…	VALORANT	2022-09-28 17:58:15.493409
ë²„ë‹ˆë²„ë‹ˆ (bunnychannel_)	ë²„í”„ëœ ìŠ¤íŒ…ì–´ í•˜ë‚˜ë¡œ ë ˆë””ì–¸íŠ¸ ì°ê¸°	ì‹œì²­ì 1,205ëª…	VALORANT	2022-09-28 17:58:15.493409
ì´ì¶˜í–¥ (leechunhyang)	[ì´ì¶˜í–¥] ì˜¤ëŠ˜ì€ ì“°ê¾¸ë¦¼ ê¸¸ê²Œ í•˜ëŠ”ë‚ ~	ì‹œì²­ì 1,195ëª…	VALORANT	2022-09-28 17:58:15.493409
ë§ˆë«„ (ma_mwa)	ìš°ë¦¬ íŒ€ì´ ë‹¤ ì‹œíŒ…í•´ì£¼ê³  ë‚˜ëŠ” ë“œë¡ ì²˜ëŸ¼ ë“¤ì–´ê°„ë‹¤ğŸ¶	ì‹œì²­ì 1,190ëª…	VALORANT	2022-09-28 17:58:15.493409
í–‡ì‚´ì‚´ (hatsalsal)	[ì ¤ë‹¤ì˜ì „ì„¤:ì•¼ìˆ¨] ë¶ìª½ì‹ ìˆ˜ë§Œë‚˜ëŸ¬ê°‘ë‹ˆë‹¤! (â€â•¹â—¡â•¹)ï¾‰	ì‹œì²­ì 1,117ëª…	The Legend of Zelda: Breath of the Wild	2022-09-28 17:58:15.493409
ëª¨ì¹´í˜• (oilj_far)	(ë¹„ì¥í•œ í†¤) í¬í­... ëª¸ì‚´ê°ê¸°....	ì‹œì²­ì 1,101ëª…	League of Legends	2022-09-28 17:58:15.493409
íˆë Œíˆ (hyren7)	ë¦¬ì¹˜í‚¹	ì‹œì²­ì 1,034ëª…	World of Warcraft	2022-09-28 17:58:15.493409
ë¨ë¨_ (conankiki)	ğŸŒ	ì‹œì²­ì 1,034ëª…	Just Chatting	2022-09-28 17:58:15.493409
ë‘ë‹ˆì£¼ë‹ˆ (dunizuni)	ë­í‚¹ 1ë“± ìŠˆì›ƒ~? (í˜„ì¬ 8ë“±)	ì‹œì²­ì 1,028ëª…	Teamfight Tactics	2022-09-28 17:58:15.493409
ìë™ (tranth)	THE KOREAN BEEF FIRE MEAT	ì‹œì²­ì 1,000ëª…	Just Chatting	2022-09-28 17:58:15.493409
í•‘ë§¨ (95pingman)	[í•‘ë§¨] 10ì¼ ì—°ì†ë°©ì†¡	ì‹œì²­ì 929ëª…	VALORANT	2022-09-28 17:58:15.493409
ëŸ¬ë¼ (luck22222)	ì‚¬ì´ë…¸ ì œë°œ ì‚¬ì´ë…¸ ì œë°œ ì‚¬ì´ë…¸ ì œë°œ ì‚¬ì´ë…¸ ì œë°œ ì‚¬ì´ë…¸ ì œë°œ ì‚¬ì´ë…¸ ì œë°œ ì‚¬ì´ë…¸ ì œë°œ ì‚¬ì´ë…¸ ì œë°œ ì‚¬ì´ë…¸ ì œë°œ ì‚¬ì´ë…¸ ì œë°œ ì‚¬ì´ë…¸ ì œë°œ ì‚¬ì´ë…¸ ì œë°œ ì‚¬ì´ë…¸ ì œë°œ ì‚¬ì´ë…¸ ì œë°œ ì‚¬ì´ë…¸ ì œë°œ	ì‹œì²­ì 908ëª…	Genshin Impact	2022-09-28 17:58:15.493409
ê¼´ë‘ì´ì„ (rhffkddl96)	3.1 ì›ì‹  ë“œê´˜ì¢¨	ì‹œì²­ì 883ëª…	Genshin Impact	2022-09-28 17:58:15.493409
ì§„ê²©ìºë„Œ (xorhkd321)	15ì±„ ë£¨íƒ€ë¹„ìŠ¤ì—ì„œ ë°•ìŠ¤ê¹Œì£¼ì„¸ìš” ì˜ë‹¬í¬ í˜„ìƒê¸ˆê±¸ìŒ	ì‹œì²­ì 818ëª…	MapleStory	2022-09-28 17:58:15.493409
ë‚¨ê¶í˜_ (namgung_hyuk_)	[V] ê³ ë©¤ 3ê¸° ì˜¤ë””ì…˜ í’€ìŠ¤í† ë¦¬ í’€ì–´ë³´ê¸°	ì‹œì²­ì 776ëª…	Just Chatting	2022-09-28 17:58:15.493409
ë°°ëˆ (baedony)	ì™€ìš°ì˜ ë…¸ì˜ˆ	ì‹œì²­ì 768ëª…	World of Warcraft	2022-09-28 17:58:15.493409
ì•„ì´ë„¤_ (vo_ine)	8ì‹œ) ì›ƒìŒì°¸ê¸° ì±Œë¦°ì§€	ì‹œì²­ì 754ëª…	Just Chatting	2022-09-28 17:58:15.493409
ìœ í‚¤ëƒ¥_ (yukinyang2475)	[ìœ í‚¤ëƒ¥] í— ë¡œìš”ì¼ãƒ½(âœ¿ï¾Ÿâ–½ï¾Ÿ)ãƒ.	ì‹œì²­ì 745ëª…	Lost Ark	2022-09-28 17:58:15.493409
33ë²ˆì§¸ì—ì„œ ì˜¤ë¥˜	'NoneType' object has no attribute 'string'			 2022-09-28 17:58:15.493409
ìŠ¤í‹¸ë¡œ (steelohs)	ì•„ì´ìŠ¤ ë¸Œë ˆì´í‚¹ í† í¬	ì‹œì²­ì 744ëª…	Just Chatting	2022-09-28 17:58:15.493409
ì°¬ìš°ì • (jcw970)	(ì§„ì‹¬) ì±Œë¦°ì ¸ë‹¬ë¦¬ê¸° 3ì¼ì°¨	ì‹œì²­ì 717ëª…	League of Legends	2022-09-28 17:58:15.493409
ì¹¸ë°ë¥´ë‹ˆì•„ (jmjdoc)	ì›ì‹  3.1 ì—…ë°ì´íŠ¸ / ë“œë¡­ìŠ¤	ì‹œì²­ì 699ëª…	Genshin Impact	2022-09-28 17:58:15.493409
ì½”ëš±ì‰ (qq102qq)	í˜‘ê³¡ì—ì„œ ì‚´ì•„ë‚¨ê¸°) ì œ 1ì¥ íŒ€ì„ ë¯¿ì§€ ë§ˆë¼.	ì‹œì²­ì 699ëª…	League of Legends	2022-09-28 17:58:15.493409
heavyRainism	í˜¸ìš°!	ì‹œì²­ì 668ëª…	Dome Keeper	2022-09-28 17:58:15.493409
ê¹Œë§‰ (smartcrow)	ë¸Œë¡œí…Œì´í† (Brotato) / ë±€ì„œë¥˜ëŠ” ëë‚˜ì§€ì•Šì•„	ì‹œì²­ì 634ëª…	Brotato	2022-09-28 17:58:15.493409
ì¬í¬ì°¡ (gnlfls)	ìˆ˜ìš”ì¹´í˜	ì‹œì²­ì 619ëª…	Just Chatting	2022-09-28 17:58:15.493409
ëª½í‚¤ë§¤ì§7 (monkeymagic0007)	ì‚¬ì´ë…¸ 90ë ˆë²¨ / íŠ¹ì„± 199 / ëª…í•¨ì „ë¬´	ì‹œì²­ì 604ëª…	Genshin Impact	2022-09-28 17:58:15.493409
ë¹…í—¤ë“œ (bighead033)	ìƒí™œíŒ¨í„´ ë³€ê²½ì¤‘ì…ë‹ˆë‹¤.	ì‹œì²­ì 602ëª…	Minecraft	2022-09-28 17:58:15.493409
ì§„ìˆ˜0 (jinsooo0)	ì œë¯¸ë‹ˆë°° ë§ ê¹ê¸°	ì‹œì²­ì 597ëª…	Umamusume: Pretty Derby	2022-09-28 17:58:15.493409
ì¸ì„¹_ (insec13)	í•´ìœ„	ì‹œì²­ì 590ëª…	League of Legends	2022-09-28 17:58:15.493409
íƒ‘ê°€ë Œ (yugyungwoo)	[íƒ‘ê°€ë Œ] ë¦¬ì¹˜í‚¹!!!! ì„œë¦¬í•œ í˜¸ë“œ!! ì›Œë¦¬ì–´!!!!!!!!	ì‹œì²­ì 582ëª…	World of Warcraft	2022-09-28 17:58:15.493409
í”¼ìœ  (beyou0728)	ã…22	ì‹œì²­ì 542ëª…	League of Legends	2022-09-28 17:58:15.493409
ì´í”Œë¦°__ (itsleeflynn)	[ë“œë¡­ìŠ¤ON] ì‚¬ì´ë…¸ë¥¼ ë½‘ì•˜ëŠ”ë° ìŠ¤ì¹´ë¼ë¸Œê°€ ì—†ì–´	ì‹œì²­ì 522ëª…	Genshin Impact	2022-09-28 17:58:15.493409
ë¦¼ê³ ìˆ˜ (newnyup1)	16ë°• ë ë¼ë‚˜	ì‹œì²­ì 522ëª…	Hearthstone	2022-09-28 17:58:15.493409
ì„¸ì•„ìŠ¤í† ë¦¬ (sea_vtuber)	ì—°ì•  1íƒ€ê°•ì‚¬ ì„¸ì•„ì˜ ì—°ì• íŠ¹ê°•! ë‚ ì´ë©´ ë‚ ë§ˆë‹¤ ì˜¤ëŠ”ê²Œ ì•„ë‹™ë‹ˆë‹¤!	ì‹œì²­ì 515ëª…	Games + Demos	2022-09-28 17:58:15.493409
ë‚˜ê¸°ìƒ (mingnagi)	ë‚´ì¼ì€ ë„í†  ì˜ìƒ ë‚˜ì˜¤ëŠ” ë‚ 	ì‹œì²­ì 511ëª…	Umamusume: Pretty Derby	2022-09-28 17:58:15.493409
ì•„ì´ë„¤_ (vo_ine)	í–‰ë³µí•˜ë‹¤ë„¤ âœ§.â—Ÿ(ËŠá—¨Ë‹)â—.âœ§	ì‹œì²­ì 1.5ë§Œëª…	Just Chatting	2022-10-28 20:50:08.879513
ìš°ì™êµ³ (woowakgood)	ë§ˆí¬ ëˆ•í”„í•µ í•˜ëŠ” ë‚  ~	ì‹œì²­ì 1.2ë§Œëª…	Just Chatting	2022-10-28 20:50:08.879513
ì¹¨ì°©ë§¨ (zilioner)	ë¡¤ ì›€ì§¤ ì›”ë“œì»µ (í›„ì›êµ¬ë… ìŒì„±X )	ì‹œì²­ì 9,391ëª…	Just Chatting	2022-10-28 20:50:08.879513
í’ì›”ëŸ‰ (hanryang1125)	í’ì›”ëŸ‰	ì‹œì²­ì 8,012ëª…	Just Chatting	2022-10-28 20:50:08.879513
ê´´ë¬¼ì¥123 (tmxk319)	ê·¸ë§ˆí˜¸ì†Œì¸(M 212ì  ì‹œì‘)	ì‹œì²­ì 5,655ëª…	League of Legends	2022-10-28 20:50:08.879513
ë¹„ì±¤_ (viichan6)	ì”ì”ì§§ë±…ìŠ¤ì…ë‹ˆë‹¤ (ì•½ê°„ ASMR...)	ì‹œì²­ì 5,327ëª…	Just Chatting	2022-10-28 20:50:08.879513
ê¹€ë„ (kimdoe)	ìë™ê³¼ í™ìŠ¤	ì‹œì²­ì 4,908ëª…	Apex Legends	2022-10-28 20:50:08.879513
ë¦´íŒŒ_ (lilpaaaaaa)	9ì‹œ 20ë¶„) ë¸Œì´ì•Œì±— ì¡°ê³µ >ã…< b	ì‹œì²­ì 4,805ëª…	Just Chatting	2022-10-28 20:50:08.879513
ë¥˜ì œí™_ (wpghd321)	ë”œëŸ¬í‹°ì–´ì˜¬ë ¤ë²„ë¦¬ê¸°	ì‹œì²­ì 4,527ëª…	Overwatch 2	2022-10-28 20:50:08.879513
ë§ˆì™•ë£¨ì•¼_ (maoruya)	ì˜¤ëŠ˜ë¶€í„° ì‹œì‘í•˜ëŠ” ì „ìŸ ì‹ í˜¼ìƒí™œ!!	ì‹œì²­ì 3,423ëª…	Mount & Blade II: Bannerlord	2022-10-28 20:50:08.879513
ë”°íš¨ë‹ˆ (ddahyoni)	C9 DDaHyoNi ì˜¬ë¼ê°€ëŠ”ë°©ë²•? êº¾ì´ì§€ ì•ŠëŠ” ë§ˆìŒ	ì‹œì²­ì 3,303ëª…	Just Chatting	2022-10-28 20:50:08.879513
ìš°ì •ì‰ (nanajam777)	ğŸ˜± ì‰ì¹œì“° ì•…í”Œ ë‚ ë¦¬ê¸° ëŒ€íšŒ!	ì‹œì²­ì 3,160ëª…	Just Chatting	2022-10-28 20:50:08.879513
ì¢…ë§ë§¨ (whdakfaos)	í•œêµ­ ê³µì‹ ì²­ê³„ì²œë¬¸í•™ ê°™ì´ ê°ìƒí•˜ê¸°	ì‹œì²­ì 2,757ëª…	Blue Archive	2022-10-28 20:50:08.879513
ì–‘ëµ (yd0821)	10ë…„ë§Œì— ëŒì•„ì˜¨ í•µì „ìŸ - 6ì¼ì°¨	ì‹œì²­ì 2,325ëª…	Minecraft	2022-10-28 20:50:08.879513
ë˜˜ë˜˜ë˜˜ì´_ (jungtaejune)	13900k ì´ì‹ ìˆ˜ìˆ 	ì‹œì²­ì 2,120ëª…	Just Chatting	2022-10-28 20:50:08.879513
ë‚˜ë‚˜ì–‘ (nanayango3o)	((â­)) í‰ë²”í•œ ì €ë…~ íŠ¹ë³„í•œ ë‚˜~	ì‹œì²­ì 2,104ëª…	Just Chatting	2022-10-28 20:50:08.879513
ê°•ì§€ (rkdwl12)	ì•„ì‹œì•„ì„œë²„ ë‹¤ì´ì•„ ì¼ ì™• ï½¡ï¾Ÿ(ï¾Ÿâˆ©Â´ï¹`âˆ©ï¾Ÿ)ï¾Ÿï½¡	ì‹œì²­ì 2,007ëª…	VALORANT	2022-10-28 20:50:08.879513
ë…¸ëŒë¦¬ (nodolly)	í‰ë²”í•œ í•˜ë£¨ë¥¼ ì˜ˆìƒí•˜ë©°...	ì‹œì²­ì 1,994ëª…	Lost Ark	2022-10-28 20:50:08.879513
ê¹€ë‚˜ì„± (naseongkim)	1ì£¼ë…„ ê¸°ë… ì²­ê³„ì²œ ê²Œë¨¹ë°© ê¸°ì›	ì‹œì²­ì 1,936ëª…	Blue Archive	2022-10-28 20:50:08.879513
ë‚˜ëŠ”ì•¼ê¼¬ë“±ì–´ (kkoduengeo)	ëˆ„ë‚˜ìš°ìœ ì£¼ì„¸ìš”	ì‹œì²­ì 1,764ëª…	Just Chatting	2022-10-28 20:50:08.879513
ê²Œêµ¬ë¦¬ (frog135)	Geguri : [ë“œë¡­ìŠ¤] ì§€ê¸ˆë¶€í„°ì„œë¡œì£½ì—¬ë¼ !youtube	ì‹œì²­ì 1,671ëª…	Overwatch 2	2022-10-28 20:50:08.879513
ì˜¥ëƒ¥ì´ (rooftopcat99)	ê¸ˆìš”ì¼	ì‹œì²­ì 1,667ëª…	Just Chatting	2022-10-28 20:50:08.879513
ì² ë©´ìˆ˜ì‹¬ (109ace)	ê¸ˆìš”ì „ì¥ ì§„ì§€í•œ ë‹¤ì„¯íŒ - ì „ì¥ ë§Œì ì€ ê¸°ë³¸ì´ì£ 	ì‹œì²­ì 1,658ëª…	Hearthstone	2022-10-28 20:50:08.879513
ìˆ˜ë ¨ìˆ˜ë ¨ (sooflower)	ë³µì‹¤ë³µì‹¤ í‹°ëª¨ ^ì˜¤^ <ì´ì§‘ì—ì„œ ë§‰ë°©>	ì‹œì²­ì 1,577ëª…	Just Chatting	2022-10-28 20:50:08.879513
ì„¤ë°±_ (snow_hite)	[ì„¤ë°±] 0858ë‘ ìˆ  (ë‹¤ì‹œë³´ê¸°X)	ì‹œì²­ì 1,464ëª…	Just Chatting	2022-10-28 20:50:08.879513
í”¼ë‹‰ìŠ¤ë°•1 (xkwhd)	ì•„ì‹œì•„ ì´ˆì›”ì ë„ì „ê¸°	ì‹œì²­ì 1,459ëª…	VALORANT	2022-10-28 20:50:08.879513
ë‘ë‹ˆì£¼ë‹ˆ (dunizuni)	ë„ì¥ê¹¨ê¸° ê²°ì „ì˜ ë‚  7ì‹œ ì‹œì‘	ì‹œì²­ì 1,454ëª…	Teamfight Tactics	2022-10-28 20:50:08.879513
ì­ë‹˜_ (catjack0821)	[V] ì¹´í†¡ í”„ì‚¬ êµ¬ê²½	ì‹œì²­ì 1,340ëª…	Just Chatting	2022-10-28 20:50:08.879513
ì½”ë ›íŠ¸ (collet11)	ì½”ë ›íŠ¸) ë¸”ì•„ 1ì£¼ë…„ ê¸°ë…ë±…ì†¡	ì‹œì²­ì 1,305ëª…	Blue Archive	2022-10-28 20:50:08.879513
ì—°ë‘ëŠ”ë§ì•ˆë“œë¤„ (rudbeckia7)	0ì¼ì°¨ë¶€í„° ë‹¤ì‹œ ì‹œì‘í•˜ëŠ” ìƒëŸ¬ë“œ ì¸ìƒ ^^.. + ì˜¤ëŠ˜ì€ ì‹ ì‘ ë°”í•˜ DLC	ì‹œì²­ì 1,261ëª…	Just Chatting	2022-10-28 20:50:08.879513
ê³ ì°¨ë¹„ (kumikomii)	ğŸ’–ê³ ì°¨ë¹„âœ¿ íˆíˆ ( â€¢Ì€ Ï‰ â€¢Ì )âœ§	ì‹œì²­ì 1,231ëª…	Just Chatting	2022-10-28 20:50:08.879513
ìµ¸í‚¤ã† (vrecord_choki)	[V] ì£¼ì˜! ì˜¤ëŠ˜ë”°ë¼ ë…¸ë˜ê°€ ì´ìƒí•©ë‹ˆë‹¤!	ì‹œì²­ì 1,162ëª…	ìŒì•…	2022-10-28 20:50:08.879513
ëª…ì•„ì¸„ (auddk_77)	[ENG/KOR]ì½”ìŠ¤íŠ¬ì´ ë„ˆë¬´ ì‘ã„· ã….... This costume is too small for me	ì‹œì²­ì 996ëª…	Just Chatting	2022-10-28 20:50:08.879513
_ì—°ë‘ë¶€_ (lovelyyeon)	ê°•ë…•	ì‹œì²­ì 990ëª…	Just Chatting	2022-10-28 20:50:08.879513
ê½ƒí•€ (cherrypach)	ì¹´í†¡ì´ëª¨í‹°ì½˜ ì¸ê¸° 10ëŒ€ 1ìœ„ ê°ì‚¬í•©ë‹ˆë‹¤! Ê•â€¢á´¥â€¢Ê”ï¾‰	ì‹œì²­ì 981ëª…	Project Zomboid	2022-10-28 20:50:08.879513
ë¶•ê´´ì¨ë“œ_ê³µì‹ì±„ë„ (honkaiimpact3kr)	[ë°œí‚¤ë¦¬ì˜ ë¼ë””ì˜¤ ì‹œê°„] ìŠ¤íŠ¸ë¦¬ë° ì˜¤ëŠ˜ ì €ë… ì‹œì‘! | ìŠ¤íŠ¸ë¦¬ë° ì‹œì²­ ì‹œ í’ë¶€í•œ Twitch Drops ë³´ìƒ íšë“	ì‹œì²­ì 956ëª…	Honkai Impact 3rd	2022-10-28 20:50:08.879513
ëª¨ì¹´í˜• (oilj_far)	[ê´‘ê³ ] ë§ˆë¹„ë…¸ê¸° í• ë¡œìœˆ ì´ë²¤íŠ¸!! (ë¥˜íŠ¸)	ì‹œì²­ì 942ëª…	Mabinogi	2022-10-28 20:50:08.879513
ë©€ëŸ­í‚¹ (sizer0346)	ë¦¼ì›”ë“œ ì‹ ê·œDLC ë°”ì´ì˜¤í…Œí¬ - ëœë”” 500% -	ì‹œì²­ì 870ëª…	RimWorld	2022-10-28 20:50:08.879513
ê¼´ë‘ì´ì„ (rhffkddl96)	ë¹„ë²„ì§‘ ë³´ê°•	ì‹œì²­ì 839ëª…	Dungeon Fighter Online	2022-10-28 20:50:08.879513
ìë™ (tranth)	ì•¼ìŠ¤í•©ë°©	ì‹œì²­ì 810ëª…	Apex Legends	2022-10-28 20:50:08.879513
ë©‹ì‚¬ (msmsms213)	ê¸ˆìš”ì¼ì¡°ì•„ !êµ¿ì¦ˆ	ì‹œì²­ì 797ëª…	Just Chatting	2022-10-28 20:50:08.879513
ê³µê³µì´ì‚¼ì¼ (v0231)	10/28 00231 ëª¨ë˜2 ë‹¬ë¦¬ê¸°	ì‹œì²­ì 789ëª…	Call of Duty: Modern Warfare II	2022-10-28 20:50:08.879513
ì¿ í•˜_ (sees360)	ì ìˆ˜ ë³´ì´ìŠ¤ í”¼ì‹± ë‹¹í–ˆë‹¤.	ì‹œì²­ì 783ëª…	League of Legends	2022-10-28 20:50:08.879513
ì¹´ë¼ë¯¸è¾›å‘³ (karami_academy)	ë°©ì†¡ 1ì£¼ë…„ ê¸°ë… ìƒí’ˆê±¸ê³  ì‹œì°¸	ì‹œì²­ì 765ëª…	Yu-Gi-Oh! Master Duel	2022-10-28 20:50:08.879513
ë¦¬ë…¸ì°¸ì¹˜ (rinotuna)	ë¦¬ë…¸ì°¸ì¹˜ ê·¸ë¦¼ë°©ì†¡	ì‹œì²­ì 730ëª…	ì•„íŠ¸	2022-10-28 20:50:08.879513
Selly55	ê·¸ë˜ì„œì´ì•„ì‰ë ¨ì—ì´í™ìŠ¤ëŠ”ì•ˆí•œë‹¤ëŠ”ê±°ì£ ?	ì‹œì²­ì 716ëª…	Super People	2022-10-28 20:50:08.879513
ë¬´êµ´ (moogrr1211)	ë¬´êµ´| 98%ëŠ” ê°œë¿”, 14ì¼ ì •ì§€ í’€ë¦¼! ì†Œìš©êµ°ë‹¨ ë‚˜ì™”ë‹¤?	ì‹œì²­ì 688ëª…	World of Warcraft	2022-10-28 20:50:08.879513
ë°°ëˆ (baedony)	ê´‘ê³ ] ë§ˆë¹„ë…¸ê¸° í• ë¡œìœˆ ì´ë²¤íŠ¸ ì—­ëŒ€ê¸‰ ìŠ¤í† ë¦¬ ë³´ê¸°	ì‹œì²­ì 688ëª…	Mabinogi	2022-10-28 20:50:08.879513
ê¹€ëšœë _ (kimdduddi)	ì†Œì†Œ	ì‹œì²­ì 685ëª…	Just Chatting	2022-10-28 20:50:08.879513
ìŠ¤í”¼ë“œì†Œë‹‰ (dragon3652)	ë“œë˜ê³¤ë³¼ ë¸Œë ˆì´ì»¤ì¦ˆ ì „ë¬¸ê°€ ì—…ë°ì´íŠ¸ ê°€ì±  ë½‘ê¸°	ì‹œì²­ì 676ëª…	Dragon Ball: The Breakers	2022-10-28 20:50:08.879513
1ë²ˆì§¸ì—ì„œ ì˜¤ë¥˜	'NoneType' object has no attribute 'string'			 2022-11-21 09:41:57.500582
2ë²ˆì§¸ì—ì„œ ì˜¤ë¥˜	'NoneType' object has no attribute 'string'			 2022-11-21 09:41:57.500582
3ë²ˆì§¸ì—ì„œ ì˜¤ë¥˜	'NoneType' object has no attribute 'string'			 2022-11-21 09:41:57.500582
4ë²ˆì§¸ì—ì„œ ì˜¤ë¥˜	'NoneType' object has no attribute 'string'			 2022-11-21 09:41:57.500582
5ë²ˆì§¸ì—ì„œ ì˜¤ë¥˜	'NoneType' object has no attribute 'string'			 2022-11-21 09:41:57.500582
6ë²ˆì§¸ì—ì„œ ì˜¤ë¥˜	'NoneType' object has no attribute 'string'			 2022-11-21 09:41:57.500582
7ë²ˆì§¸ì—ì„œ ì˜¤ë¥˜	'NoneType' object has no attribute 'string'			 2022-11-21 09:41:57.500582
8ë²ˆì§¸ì—ì„œ ì˜¤ë¥˜	'NoneType' object has no attribute 'string'			 2022-11-21 09:41:57.500582
9ë²ˆì§¸ì—ì„œ ì˜¤ë¥˜	'NoneType' object has no attribute 'string'			 2022-11-21 09:41:57.500582
10ë²ˆì§¸ì—ì„œ ì˜¤ë¥˜	'NoneType' object has no attribute 'string'			 2022-11-21 09:41:57.500582
11ë²ˆì§¸ì—ì„œ ì˜¤ë¥˜	'NoneType' object has no attribute 'string'			 2022-11-21 09:41:57.500582
12ë²ˆì§¸ì—ì„œ ì˜¤ë¥˜	'NoneType' object has no attribute 'string'			 2022-11-21 09:41:57.500582
13ë²ˆì§¸ì—ì„œ ì˜¤ë¥˜	'NoneType' object has no attribute 'string'			 2022-11-21 09:41:57.500582
14ë²ˆì§¸ì—ì„œ ì˜¤ë¥˜	'NoneType' object has no attribute 'string'			 2022-11-21 09:41:57.500582
15ë²ˆì§¸ì—ì„œ ì˜¤ë¥˜	'NoneType' object has no attribute 'string'			 2022-11-21 09:41:57.500582
16ë²ˆì§¸ì—ì„œ ì˜¤ë¥˜	'NoneType' object has no attribute 'string'			 2022-11-21 09:41:57.500582
17ë²ˆì§¸ì—ì„œ ì˜¤ë¥˜	'NoneType' object has no attribute 'string'			 2022-11-21 09:41:57.500582
18ë²ˆì§¸ì—ì„œ ì˜¤ë¥˜	'NoneType' object has no attribute 'string'			 2022-11-21 09:41:57.500582
19ë²ˆì§¸ì—ì„œ ì˜¤ë¥˜	'NoneType' object has no attribute 'string'			 2022-11-21 09:41:57.500582
20ë²ˆì§¸ì—ì„œ ì˜¤ë¥˜	'NoneType' object has no attribute 'string'			 2022-11-21 09:41:57.500582
21ë²ˆì§¸ì—ì„œ ì˜¤ë¥˜	'NoneType' object has no attribute 'string'			 2022-11-21 09:41:57.500582
22ë²ˆì§¸ì—ì„œ ì˜¤ë¥˜	'NoneType' object has no attribute 'string'			 2022-11-21 09:41:57.500582
23ë²ˆì§¸ì—ì„œ ì˜¤ë¥˜	'NoneType' object has no attribute 'string'			 2022-11-21 09:41:57.500582
24ë²ˆì§¸ì—ì„œ ì˜¤ë¥˜	'NoneType' object has no attribute 'string'			 2022-11-21 09:41:57.500582
25ë²ˆì§¸ì—ì„œ ì˜¤ë¥˜	'NoneType' object has no attribute 'string'			 2022-11-21 09:41:57.500582
26ë²ˆì§¸ì—ì„œ ì˜¤ë¥˜	'NoneType' object has no attribute 'string'			 2022-11-21 09:41:57.500582
27ë²ˆì§¸ì—ì„œ ì˜¤ë¥˜	'NoneType' object has no attribute 'string'			 2022-11-21 09:41:57.500582
28ë²ˆì§¸ì—ì„œ ì˜¤ë¥˜	'NoneType' object has no attribute 'string'			 2022-11-21 09:41:57.500582
29ë²ˆì§¸ì—ì„œ ì˜¤ë¥˜	'NoneType' object has no attribute 'string'			 2022-11-21 09:41:57.500582
30ë²ˆì§¸ì—ì„œ ì˜¤ë¥˜	'NoneType' object has no attribute 'string'			 2022-11-21 09:41:57.500582
31ë²ˆì§¸ì—ì„œ ì˜¤ë¥˜	'NoneType' object has no attribute 'string'			 2022-11-21 09:41:57.500582
32ë²ˆì§¸ì—ì„œ ì˜¤ë¥˜	'NoneType' object has no attribute 'string'			 2022-11-21 09:41:57.500582
33ë²ˆì§¸ì—ì„œ ì˜¤ë¥˜	'NoneType' object has no attribute 'string'			 2022-11-21 09:41:57.500582
34ë²ˆì§¸ì—ì„œ ì˜¤ë¥˜	'NoneType' object has no attribute 'string'			 2022-11-21 09:41:57.500582
35ë²ˆì§¸ì—ì„œ ì˜¤ë¥˜	'NoneType' object has no attribute 'string'			 2022-11-21 09:41:57.500582
36ë²ˆì§¸ì—ì„œ ì˜¤ë¥˜	'NoneType' object has no attribute 'string'			 2022-11-21 09:41:57.500582
37ë²ˆì§¸ì—ì„œ ì˜¤ë¥˜	'NoneType' object has no attribute 'string'			 2022-11-21 09:41:57.500582
38ë²ˆì§¸ì—ì„œ ì˜¤ë¥˜	'NoneType' object has no attribute 'string'			 2022-11-21 09:41:57.500582
39ë²ˆì§¸ì—ì„œ ì˜¤ë¥˜	'NoneType' object has no attribute 'string'			 2022-11-21 09:41:57.500582
40ë²ˆì§¸ì—ì„œ ì˜¤ë¥˜	'NoneType' object has no attribute 'string'			 2022-11-21 09:41:57.500582
41ë²ˆì§¸ì—ì„œ ì˜¤ë¥˜	'NoneType' object has no attribute 'string'			 2022-11-21 09:41:57.500582
42ë²ˆì§¸ì—ì„œ ì˜¤ë¥˜	'NoneType' object has no attribute 'string'			 2022-11-21 09:41:57.500582
43ë²ˆì§¸ì—ì„œ ì˜¤ë¥˜	'NoneType' object has no attribute 'string'			 2022-11-21 09:41:57.500582
44ë²ˆì§¸ì—ì„œ ì˜¤ë¥˜	'NoneType' object has no attribute 'string'			 2022-11-21 09:41:57.500582
45ë²ˆì§¸ì—ì„œ ì˜¤ë¥˜	'NoneType' object has no attribute 'string'			 2022-11-21 09:41:57.500582
46ë²ˆì§¸ì—ì„œ ì˜¤ë¥˜	'NoneType' object has no attribute 'string'			 2022-11-21 09:41:57.500582
47ë²ˆì§¸ì—ì„œ ì˜¤ë¥˜	'NoneType' object has no attribute 'string'			 2022-11-21 09:41:57.500582
48ë²ˆì§¸ì—ì„œ ì˜¤ë¥˜	'NoneType' object has no attribute 'string'			 2022-11-21 09:41:57.500582
49ë²ˆì§¸ì—ì„œ ì˜¤ë¥˜	'NoneType' object has no attribute 'string'			 2022-11-21 09:41:57.500582
50ë²ˆì§¸ì—ì„œ ì˜¤ë¥˜	'NoneType' object has no attribute 'string'			 2022-11-21 09:41:57.500582
ê¹€ë„ (kimdoe)	[ë©”ìš´ã„·I]ê¹€â˜…ë„â™ ëœâ—ˆë“œ{{ë¬´.ë£Œ.êµ¬.ë…}}ì‹œâ—†EHì´ˆâ˜†í™•ë¥ â–²â†‘â†‘UPâ†‘â†‘EVENTì¤‘	ì‹œì²­ì 8,890ëª…	StarCraft	2022-11-21 09:41:57.500582
ëª…í›ˆ (mlchoins)	[ëª…í›ˆ] ì˜ˆí‹°ë£°ë › 220 ê±¸ë¦°ì‚¬ëŒ.....ì˜¤ëŠ˜ ì  ëª» ì”ë‹¤ã…‹ã…‹ã…‹ !ë£°ë › ë©”ì´í”Œ	ì‹œì²­ì 1,778ëª…	MapleStory	2022-11-21 09:41:57.500582
ë ë¼ (kuiki771)	í’‰í‚¤ëª¬ ìŠ¤ì¹¼ë ›~~(í›ˆìˆ˜, ìŠ¤í¬, ë‚˜ìœë§XXXX) !í¸ì§‘ì	ì‹œì²­ì 1,379ëª…	PokÃ©mon Scarlet/Violet	2022-11-21 09:41:57.500582
í¬ìº£66 (crazzyccat)	í”„ë¦¬ì‹œì¦Œ êµ¶ì£¼ë¦° ìì•¼	ì‹œì²­ì 1,025ëª…	League of Legends	2022-11-21 09:41:57.500582
ê°ë¸”ëŸ¬ (9ambler)	í¬ì¼“ëª¬ ì—”ë”©ë³´ê³  ëŒ€íšŒ ì—”íŠ¸ë¦¬ êµ¬ìƒí•˜ê¸°	ì‹œì²­ì 1,041ëª…	PokÃ©mon Scarlet/Violet	2022-11-21 09:41:57.500582
ëª¨ì¹´í˜• (oilj_far)	ë°©ì†¡ì´ë‘ ê²Œì„ì´ ì œì¼ì¡°ì•„	ì‹œì²­ì 978ëª…	Just Chatting	2022-11-21 09:41:57.500582
ì§„ìˆ˜0 (jinsooo0)	í¬ì¼“ëª¬ ìŠ¤ì¹¼ë › ì‹ ì… íŠ¸ë ˆì´ë„ˆ(í¬ì¼“ëª¬ ì²¨í•´ë´„)	ì‹œì²­ì 613ëª…	PokÃ©mon Scarlet/Violet	2022-11-21 09:41:57.500582
Sejun_Park	íŒŒì¹˜ë¦¬ìŠ¤ë“¤ì˜ íŒ”ë°ì•„ ì •ë³µê¸° [4]	ì‹œì²­ì 584ëª…	PokÃ©mon Scarlet/Violet	2022-11-21 09:41:57.500582
ì„±ëŒ€ (sungdae12)	ë£¨í˜ì˜¨ë„ ì§ˆ ìˆ˜ ì—†ì£  ì—ë²„ê·¸ë ˆì´ìŠ¤ í˜¼ì¶” ê°€ì‹¤ë¶„ (with.ë°©í† ë¼)	ì‹œì²­ì 583ëª…	Lost Ark	2022-11-21 09:41:57.500582
ê³ ìˆ˜ë‹¬_ (gosudal123)	ìˆŸê°€ë½ë“ ë§ë‚˜ë‹ˆ	ì‹œì²­ì 555ëª…	League of Legends	2022-11-21 09:41:57.500582
í–¥í† ë¼ (scentrabbit)	[PS5] [ë¬´ìë¹„ ë‚œì´ë„] ê´‘íœ˜ ì„¸íŠ¸ ì…ê³  ë”œë¬´ìƒˆ !	ì‹œì²­ì 485ëª…	God of War RagnarÃ¶k	2022-11-21 09:41:57.500582
ë´‰ì˜ (bongyoungpark)	!build Hell Vykas Reaper í—¬ë¹„ì•„í•œíŒ! [1614 Reaper Main]	ì‹œì²­ì 457ëª…	Lost Ark	2022-11-21 09:41:57.500582
ë§Œë“ (esstree)	ë°”ì´ì˜¬ë › ë„ê° ë‹¤ ì±„ìš°ê¸° ã„±ã„±	ì‹œì²­ì 433ëª…	PokÃ©mon Scarlet/Violet	2022-11-21 09:41:57.500582
_ì®¸ì¦ˆ_ (akajian)	wow ìš©êµ°ë‹¨ ì¤‘ê³ ë‰´ë¹„ì—ì˜¤	ì‹œì²­ì 377ëª…	World of Warcraft	2022-11-21 09:41:57.500582
íŒŒíŠ¸1 (nlmiso04)	í”„ë¦¬ì‹œì¦Œ ì—°êµ¬ì†Œ	ì‹œì²­ì 353ëª…	League of Legends	2022-11-21 09:41:57.500582
ìœ í‚¤ëƒ¥_ (yukinyang2475)	[ìœ í‚¤ëƒ¥] íœ´ë°©ë±…ì†¡ì´ì§€ë§Œ ì—ë²„ê·¸ë ˆì´ìŠ¤ ë„ì „ãƒ½(âœ¿ï¾Ÿâ–½ï¾Ÿ)ãƒ	ì‹œì²­ì 348ëª…	Lost Ark	2022-11-21 09:41:57.500582
_ëª¨ëª¨ëƒ¥_ (momonyang55)	ì°ì™€ë¦°ì´ ì˜¬í•´ì•ˆì— ë§Œë ™ë„ì „ 17ì¼ì§¸ / ì™€ì¶˜ê¸°	ì‹œì²­ì 347ëª…	World of Warcraft	2022-11-21 09:41:57.500582
ì§€ë‹ˆì–´ìŠ¤ë§¤ë“œ (genius_mad)	ì¢‹ì€í•˜ë£¨ë˜ì‹­ì…”~.~	ì‹œì²­ì 334ëª…	Just Chatting	2022-11-21 09:41:57.500582
ë§‰ë‚´í˜„ì§„ (hyeondini)	8ì‹œì˜ ìš”ì •	ì‹œì²­ì 322ëª…	League of Legends	2022-11-21 09:41:57.500582
ì•Œì†¡23 (khozzang1)	ë“œë˜ê³¤ë³¼ ë°ë°”ë° í›ˆë ¨ 38ì¼ì°¨ ã…‡ã……ã…‡	ì‹œì²­ì 325ëª…	Dragon Ball: The Breakers	2022-11-21 09:41:57.500582
ë°©í† ë¼ (4211tso)	ë°©ìš¸ğŸ…ğŸœ] 1655ì†Œì„œë¦¬ìŠ¤ ë£¨í˜ì˜¨ ì¶”ì˜¤ ì¡ê¸°(w. ì„±ëŒ€, ìœ í‚¤ëƒ¥, ì „ë°ì—°)	ì‹œì²­ì 293ëª…	Lost Ark	2022-11-21 09:41:57.500582
9í˜¸ (9ho__)	ë‘ì‹œê°„ì§œë¦¬ë°©ì†¡	ì‹œì²­ì 272ëª…	Just Chatting	2022-11-21 09:41:57.500582
_ìëª½ë€¨_ (jamongrbbk)	ì¡°ìš©íˆê²Œì„	ì‹œì²­ì 267ëª…	VALORANT	2022-11-21 09:41:57.500582
ë§ˆë ˆ_í”Œë¡œìŠ¤ (mareflos_kr)	[V] ì•¼ìƒ ì´ë¡œì¹˜ ë“œë¼ê¼° ì¡ì€ í•´ë£¡ì€ ì ê¹ ìê³  ì™€ìš”ã…—ã…‡!ğŸ²âœ¨	ì‹œì²­ì 254ëª…	I'm Only Sleeping	2022-11-21 09:41:57.500582
ì•™ì¥¬8ã…8 (angjyu_xd)	ë°©ì œ 'ë¼ë–¼ëŠ” ë§ì´ì•¼ 'ìƒ'ê³ ê¸°ë„ ë§ì•˜ë‹¤ê³  OTL' ÅÌ¥Ì¥Ì¥×ÅÌ¥Ì¥Ì¥ in ì„¸ë§ˆ	ì‹œì²­ì 214ëª…	Project Zomboid	2022-11-21 09:41:57.500582
ìœ í˜œë¦¬ (kush1001)	ğŸ¤[ë“œë¡­ìŠ¤] ì• ì˜¹	ì‹œì²­ì 213ëª…	Genshin Impact	2022-11-21 09:41:57.500582
ì „ë°ì—° (gkfl33)	ğŸŒˆ[ì „ë°ì—°] ì—ë²„ê·¸ë ˆì´ìŠ¤ í˜¼ì¶” ì¡ìœ¼ì‹¤ë¶„? 3D ì–‘ê°ˆë˜?!	ì‹œì²­ì 199ëª…	Lost Ark	2022-11-21 09:41:57.500582
ë‚˜ë‚˜ì–‘ (nanayango3o)	((â­)) ì¢‹ì€ ì•„ì¹¨	ì‹œì²­ì 376ëª…	Just Chatting	2022-11-21 09:41:57.500582
lowintblackcow	900%NP 3400ì‹œê°„í•´ë„ì¬ë°ŒëŠ”ê²Œì„	ì‹œì²­ì 167ëª…	They Are Billions	2022-11-21 09:41:57.500582
ê³ ë¨ì‰ (rhaia11)	ì›”ìš”ì¼ì€ ì”ì”í•˜ê²Œ	ì‹œì²­ì 159ëª…	Just Chatting	2022-11-21 09:41:57.500582
31ë²ˆì§¸ì—ì„œ ì˜¤ë¥˜	'NoneType' object has no attribute 'string'			 2022-11-21 09:41:57.500582
32ë²ˆì§¸ì—ì„œ ì˜¤ë¥˜	'NoneType' object has no attribute 'string'			 2022-11-21 09:41:57.500582
33ë²ˆì§¸ì—ì„œ ì˜¤ë¥˜	'NoneType' object has no attribute 'string'			 2022-11-21 09:41:57.500582
34ë²ˆì§¸ì—ì„œ ì˜¤ë¥˜	'NoneType' object has no attribute 'string'			 2022-11-21 09:41:57.500582
35ë²ˆì§¸ì—ì„œ ì˜¤ë¥˜	'NoneType' object has no attribute 'string'			 2022-11-21 09:41:57.500582
36ë²ˆì§¸ì—ì„œ ì˜¤ë¥˜	'NoneType' object has no attribute 'string'			 2022-11-21 09:41:57.500582
37ë²ˆì§¸ì—ì„œ ì˜¤ë¥˜	'NoneType' object has no attribute 'string'			 2022-11-21 09:41:57.500582
38ë²ˆì§¸ì—ì„œ ì˜¤ë¥˜	'NoneType' object has no attribute 'string'			 2022-11-21 09:41:57.500582
39ë²ˆì§¸ì—ì„œ ì˜¤ë¥˜	'NoneType' object has no attribute 'string'			 2022-11-21 09:41:57.500582
40ë²ˆì§¸ì—ì„œ ì˜¤ë¥˜	'NoneType' object has no attribute 'string'			 2022-11-21 09:41:57.500582
41ë²ˆì§¸ì—ì„œ ì˜¤ë¥˜	'NoneType' object has no attribute 'string'			 2022-11-21 09:41:57.500582
42ë²ˆì§¸ì—ì„œ ì˜¤ë¥˜	'NoneType' object has no attribute 'string'			 2022-11-21 09:41:57.500582
43ë²ˆì§¸ì—ì„œ ì˜¤ë¥˜	'NoneType' object has no attribute 'string'			 2022-11-21 09:41:57.500582
44ë²ˆì§¸ì—ì„œ ì˜¤ë¥˜	'NoneType' object has no attribute 'string'			 2022-11-21 09:41:57.500582
45ë²ˆì§¸ì—ì„œ ì˜¤ë¥˜	'NoneType' object has no attribute 'string'			 2022-11-21 09:41:57.500582
46ë²ˆì§¸ì—ì„œ ì˜¤ë¥˜	'NoneType' object has no attribute 'string'			 2022-11-21 09:41:57.500582
47ë²ˆì§¸ì—ì„œ ì˜¤ë¥˜	'NoneType' object has no attribute 'string'			 2022-11-21 09:41:57.500582
48ë²ˆì§¸ì—ì„œ ì˜¤ë¥˜	'NoneType' object has no attribute 'string'			 2022-11-21 09:41:57.500582
49ë²ˆì§¸ì—ì„œ ì˜¤ë¥˜	'NoneType' object has no attribute 'string'			 2022-11-21 09:41:57.500582
50ë²ˆì§¸ì—ì„œ ì˜¤ë¥˜	'NoneType' object has no attribute 'string'			 2022-11-21 09:41:57.500582
ê¹€ë„ (kimdoe)	[ë©”ìš´ã„·I]ê¹€â˜…ë„â™ ëœâ—ˆë“œ{{ë¬´.ë£Œ.êµ¬.ë…}}ì‹œâ—†EHì´ˆâ˜†í™•ë¥ â–²â†‘â†‘UPâ†‘â†‘EVENTì¤‘	ì‹œì²­ì 8,890ëª…	StarCraft	2022-11-21 10:08:56.374770
ëª…í›ˆ (mlchoins)	[ëª…í›ˆ] ì˜ˆí‹°ë£°ë › 220 ê±¸ë¦°ì‚¬ëŒ.....ì˜¤ëŠ˜ ì  ëª» ì”ë‹¤ã…‹ã…‹ã…‹ !ë£°ë › ë©”ì´í”Œ	ì‹œì²­ì 1,778ëª…	MapleStory	2022-11-21 10:08:56.374770
ë ë¼ (kuiki771)	í’‰í‚¤ëª¬ ìŠ¤ì¹¼ë ›~~(í›ˆìˆ˜, ìŠ¤í¬, ë‚˜ìœë§XXXX) !í¸ì§‘ì	ì‹œì²­ì 1,379ëª…	PokÃ©mon Scarlet/Violet	2022-11-21 10:08:56.374770
í¬ìº£66 (crazzyccat)	í”„ë¦¬ì‹œì¦Œ êµ¶ì£¼ë¦° ìì•¼	ì‹œì²­ì 1,205ëª…	League of Legends	2022-11-21 10:08:56.374770
ê°ë¸”ëŸ¬ (9ambler)	í¬ì¼“ëª¬ ì—”ë”©ë³´ê³  ëŒ€íšŒ ì—”íŠ¸ë¦¬ êµ¬ìƒí•˜ê¸°	ì‹œì²­ì 1,090ëª…	PokÃ©mon Scarlet/Violet	2022-11-21 10:08:56.374770
ëª¨ì¹´í˜• (oilj_far)	ë°©ì†¡ì´ë‘ ê²Œì„ì´ ì œì¼ì¡°ì•„	ì‹œì²­ì 978ëª…	Just Chatting	2022-11-21 10:08:56.374770
ì§„ìˆ˜0 (jinsooo0)	í¬ì¼“ëª¬ ìŠ¤ì¹¼ë › ì‹ ì… íŠ¸ë ˆì´ë„ˆ(í¬ì¼“ëª¬ ì²¨í•´ë´„)	ì‹œì²­ì 680ëª…	PokÃ©mon Scarlet/Violet	2022-11-21 10:08:56.374770
ì„±ëŒ€ (sungdae12)	ë£¨í˜ì˜¨ë„ ì§ˆ ìˆ˜ ì—†ì£  ì—ë²„ê·¸ë ˆì´ìŠ¤ í˜¼ì¶” ê°€ì‹¤ë¶„ (with.ë°©í† ë¼)	ì‹œì²­ì 611ëª…	Lost Ark	2022-11-21 10:08:56.374770
Sejun_Park	íŒŒì¹˜ë¦¬ìŠ¤ë“¤ì˜ íŒ”ë°ì•„ ì •ë³µê¸° [4]	ì‹œì²­ì 552ëª…	PokÃ©mon Scarlet/Violet	2022-11-21 10:08:56.374770
ê³ ìˆ˜ë‹¬_ (gosudal123)	ìˆŸê°€ë½ë“ ë§ë‚˜ë‹ˆ	ì‹œì²­ì 555ëª…	League of Legends	2022-11-21 10:08:56.374770
í–¥í† ë¼ (scentrabbit)	[PS5] [ë¬´ìë¹„ ë‚œì´ë„] ê´‘íœ˜ ì„¸íŠ¸ ì…ê³  ë”œë¬´ìƒˆ !	ì‹œì²­ì 485ëª…	God of War RagnarÃ¶k	2022-11-21 10:08:56.374770
ë´‰ì˜ (bongyoungpark)	!build Hell Vykas Reaper í—¬ë¹„ì•„í•œíŒ! [1614 Reaper Main]	ì‹œì²­ì 436ëª…	Lost Ark	2022-11-21 10:08:56.374770
ë§Œë“ (esstree)	ë°”ì´ì˜¬ë › ë„ê° ë‹¤ ì±„ìš°ê¸° ã„±ã„±	ì‹œì²­ì 422ëª…	PokÃ©mon Scarlet/Violet	2022-11-21 10:08:56.374770
íŒŒíŠ¸1 (nlmiso04)	í”„ë¦¬ì‹œì¦Œ ì—°êµ¬ì†Œ	ì‹œì²­ì 388ëª…	League of Legends	2022-11-21 10:08:56.374770
ë‚˜ë‚˜ì–‘ (nanayango3o)	((â­)) ì¢‹ì€ ì•„ì¹¨	ì‹œì²­ì 376ëª…	Just Chatting	2022-11-21 10:08:56.374770
ìœ í‚¤ëƒ¥_ (yukinyang2475)	[ìœ í‚¤ëƒ¥] íœ´ë°©ë±…ì†¡ì´ì§€ë§Œ ë£¨í˜ì˜¨ í˜¼ì¬ì˜ì¶”ì˜¤ ë„ì „ (w. ë°©í† ë¼ì”¨, ì›ì¥ë‹˜)ãƒ½(âœ¿ï¾Ÿâ–½ï¾Ÿ)ãƒ	ì‹œì²­ì 348ëª…	Lost Ark	2022-11-21 10:08:56.374770
ì§€ë‹ˆì–´ìŠ¤ë§¤ë“œ (genius_mad)	ì¢‹ì€í•˜ë£¨ë˜ì‹­ì…”~.~	ì‹œì²­ì 348ëª…	Just Chatting	2022-11-21 10:08:56.374770
_ì®¸ì¦ˆ_ (akajian)	wow ìš©êµ°ë‹¨ ì¤‘ê³ ë‰´ë¹„ì—ì˜¤	ì‹œì²­ì 329ëª…	World of Warcraft	2022-11-21 10:08:56.374770
ë§‰ë‚´í˜„ì§„ (hyeondini)	8ì‹œì˜ ìš”ì •	ì‹œì²­ì 322ëª…	League of Legends	2022-11-21 10:08:56.374770
_ëª¨ëª¨ëƒ¥_ (momonyang55)	ì°ì™€ë¦°ì´ ì˜¬í•´ì•ˆì— ë§Œë ™ë„ì „ 17ì¼ì§¸ / ì™€ì¶˜ê¸°	ì‹œì²­ì 318ëª…	World of Warcraft	2022-11-21 10:08:56.374770
ë°©í† ë¼ (4211tso)	ë°©ìš¸ğŸ…ğŸœ] 1655ì†Œì„œë¦¬ìŠ¤ ë£¨í˜ì˜¨ ì¶”ì˜¤ ì¡ê¸°(w. ì„±ëŒ€, ìœ í‚¤ëƒ¥, ì „ë°ì—°)	ì‹œì²­ì 293ëª…	Lost Ark	2022-11-21 10:08:56.374770
ì•Œì†¡23 (khozzang1)	ë“œë˜ê³¤ë³¼ ë°ë°”ë° í›ˆë ¨ 38ì¼ì°¨ ã…‡ã……ã…‡	ì‹œì²­ì 289ëª…	Dragon Ball: The Breakers	2022-11-21 10:08:56.374770
_ìëª½ë€¨_ (jamongrbbk)	ì¡°ìš©íˆê²Œì„	ì‹œì²­ì 276ëª…	VALORANT	2022-11-21 10:08:56.374770
9í˜¸ (9ho__)	ë‘ì‹œê°„ì§œë¦¬ë°©ì†¡	ì‹œì²­ì 259ëª…	Just Chatting	2022-11-21 10:08:56.374770
ë§ˆë ˆ_í”Œë¡œìŠ¤ (mareflos_kr)	[V] ì•¼ìƒ ì´ë¡œì¹˜ ë“œë¼ê¼° ì¡ì€ í•´ë£¡ì€ ì ê¹ ìê³  ì™€ìš”ã…—ã…‡!ğŸ²âœ¨	ì‹œì²­ì 249ëª…	I'm Only Sleeping	2022-11-21 10:08:56.374770
ì•™ì¥¬8ã…8 (angjyu_xd)	ë°©ì œ 'ë¼ë–¼ëŠ” ë§ì´ì•¼ 'ìƒ'ê³ ê¸°ë„ ë§ì•˜ë‹¤ê³  OTL' ÅÌ¥Ì¥Ì¥×ÅÌ¥Ì¥Ì¥ in ì„¸ë§ˆ	ì‹œì²­ì 222ëª…	Project Zomboid	2022-11-21 10:08:56.374770
ì „ë°ì—° (gkfl33)	ğŸŒˆ[ì „ë°ì—°] ì—ë²„ê·¸ë ˆì´ìŠ¤ í˜¼ì¶” ë„ì „!? 3D ì–‘ê°ˆë˜?!	ì‹œì²­ì 219ëª…	Lost Ark	2022-11-21 10:08:56.374770
ìœ í˜œë¦¬ (kush1001)	ğŸ¤[ë“œë¡­ìŠ¤] ì• ì˜¹	ì‹œì²­ì 208ëª…	Genshin Impact	2022-11-21 10:08:56.374770
ì—¬ë¦„ì´0908 (qufakwdywjd)	ë¦„ë””ì˜¤â™¥	ì‹œì²­ì 194ëª…	Just Chatting	2022-11-21 10:08:56.374770
ê³ ë¨ì‰ (rhaia11)	ì›”ìš”ì¼ì€ ì”ì”í•˜ê²Œ	ì‹œì²­ì 185ëª…	Just Chatting	2022-11-21 10:08:56.374770
lowintblackcow	900%NP 3400ì‹œê°„í•´ë„ì¬ë°ŒëŠ”ê²Œì„	ì‹œì²­ì 164ëª…	They Are Billions	2022-11-21 10:08:56.374770
ìƒˆì´ˆë¡¬__ (saechorom)	ë©”ìš´ë”” ë©”ë¦°ì´ (17íŠ¸)	ì‹œì²­ì 157ëª…	Just Chatting	2022-11-21 10:08:56.374770
_ë§ˆë¦¬ëª¨0 (ej2220)	ìˆ˜ìœ¡ì´ ë¨¹ê³ ì‹¶ì—ˆì§€ë§Œ ìˆ˜ìœ¡ì„ ì‚¬ëŸ¬ë‚˜ê°€ê¸° ê·€ì°®ì•„ì„œ ë¬¼ì„ ê³ ê¸°ë¼ ìƒê°í•˜ë©´ ìˆ˜ìœ¡ì´ ëœë‹¤ê³  ìƒê°í•´ ìˆ˜ìœ¡ëŒ€ì‹  ë¬¼ì„ ì„­ì·¨í•œ ì¸ì–´ ë§ˆë¦¬ëª¨ğŸ§œğŸ»â€â™€ï¸ğŸ’¦	ì‹œì²­ì 154ëª…	Just Chatting	2022-11-21 10:08:56.374770
ForGG	[LIVE] GSL Code A,DreamHack Arena MSL Champion, Thanks for all of support !Sub  !Donate !youtube	ì‹œì²­ì 152ëª…	StarCraft II	2022-11-21 10:08:56.374770
ì–„ë„¤ (yane1004)	[ë°ë°”ë°] ì˜¤ëœë§Œì— íŒŒë¡œë§ˆë¡œ ë•Œë¦¬ê¸°	ì‹œì²­ì 131ëª…	Dead by Daylight	2022-11-21 10:08:56.374770
ë‰´ìƒì´ (kr3737)	[ë‰´ìƒì´]  ãƒ¾(Â´â€¢ğŸ‘…â€¢ï½€)ãƒ	ì‹œì²­ì 127ëª…	Genshin Impact	2022-11-21 10:08:56.374770
ì†œì‚´ë‘ (somsalang)	ìº¡ì³ë³´ë“œ ì‚¬ë§	ì‹œì²­ì 126ëª…	Cyphers	2022-11-21 10:08:56.374770
í‚¤ë¡œ1 (tofhdnsakdmatotlwkr3)	í•œë¼ì¤ì‡¼	ì‹œì²­ì 118ëª…	Eternal Return	2022-11-21 10:08:56.374770
ë§¤ê°€ë„¤ (amazonz2222)	ì§±êµ¬	ì‹œì²­ì 117ëª…	Sexy Sniper	2022-11-21 10:08:56.374770
_ë±ìƒˆ1 (yusin2796)	ë©”ìš´ë”” ì‘ì• 	ì‹œì²­ì 115ëª…	StarCraft	2022-11-21 10:08:56.374770
ì§€ìš”ì”¨ (jxyxssi)	ëª¨ì½”ì½” ë¡œì•„ CCTV ğŸ°	ì‹œì²­ì 114ëª…	Lost Ark	2022-11-21 10:08:56.374770
ìš°ì­ë¦¬ìš°ì¤‘ (woojoung1016)	ì‹œì¦Œ8 ë¶€í™œì˜ ì‹ í˜¸íƒ„	ì‹œì²­ì 114ëª…	Teamfight Tactics	2022-11-21 10:08:56.374770
ë°•ëŒ€ë´‰ (daebongs)	ì§€ìŠ¤íƒ€ ê°”ë‹¤ì™€ì„œ ë’¤ëŠ¦ê²Œ ë…¸ë°©ì¢… ë“œë¡­ìŠ¤ (11-19)	ì‹œì²­ì 113ëª…	Black Desert	2022-11-21 10:08:56.374770
ë©”ì´ë“œëƒ¥ì´ (kemi0213)	24ì‹œê°„ ë°©ì†¡ì±„ë„ [!í¸ì„±]	ì‹œì²­ì 111ëª…	Sexy Sniper	2022-11-21 10:08:56.374770
jeck_zero	ALGS ë¶ë¯¸ëŒ€íšŒ ê°™ì´ ë³´ê¸°	ì‹œì²­ì 109ëª…	Apex Legends	2022-11-21 10:08:56.374770
í­ìŠ¤ë°œë¦¬ë‹¤ê²½ì´ (qwer01351)	â˜…ë°œë¦¬ í­ìŠ¤ ë‹¤ê²½ì´ë„¤â˜…24ì‹œê°„  #ë°œë¦¬ #í­ìŠ¤ #ë‹¤ê²½ì´ë„¤ #í™€ì§ #ë²½ì¹˜ê¸° #í•œë¼ë°±ë‘ #ë„ì§€ #ì½”ì¸ #ë¹„íŠ¸ì½”ì¸	ì‹œì²­ì 100ëª…	Lineage: The Blood Pledge	2022-11-21 10:08:56.374770
ë ˆë“œì˜ì´ (redssoy0)	ë² ì´ë¹„ìŠ¤í… ìš° ë² ì´ë¹„	ì‹œì²­ì 99ëª…	Just Chatting	2022-11-21 10:08:56.374770
ì´ë‚¨ì†¡ (namsonglee)	ë‚˜ë„ ì´ì œ ì§€ìŠ¤íƒ€ ê°€ë³¸ì  ì´ì”€ ã…‹ã„·ã…‹ã„·	ì‹œì²­ì 99ëª…	Just Chatting	2022-11-21 10:08:56.374770
ê°•ì„ ì¢… (kangsunjong)	7.5 / ë§ë ¹ ì™”ìŠµë‹ˆë‹¤	ì‹œì²­ì 99ëª…	Teamfight Tactics	2022-11-21 10:08:56.374770
Dacktem	Class Playthrough / Legendary, Hardcore, Zenith seed	ì‹œì²­ì 98ëª…	Terraria	2022-11-21 10:08:56.374770
